timestamp,timezone,ip,port,user,database,pid,level,message
2025-11-10 08:00:06,UTC,10.72.102.34,39908,postgres,igluu_prod,13634,LOG,"duration: 5224.628 ms  execute s539019: SELECT ""public"".""DataObjectTargetServer"".""id"", ""public"".""DataObjectTargetServer"".""sourceId"", ""public"".""DataObjectTargetServer"".""sourceName"", ""public"".""DataObjectTargetServer"".""exportedUrl"", ""public"".""DataObjectTargetServer"".""dateOfLastToping"", ""public"".""DataObjectTargetServer"".""currentTopStamp"", ""public"".""DataObjectTargetServer"".""dataOfLastSuccessfulExport"", ""public"".""DataObjectTargetServer"".""dataOfLastResult"", ""public"".""DataObjectTargetServer"".""statusName"", ""public"".""DataObjectTargetServer"".""errorMessage"", ""public"".""DataObjectTargetServer"".""draftId"", ""public"".""DataObjectTargetServer"".""leadId"", ""public"".""DataObjectTargetServer"".""propertyId"", ""public"".""DataObjectTargetServer"".""developmentProjectId"", ""public"".""DataObjectTargetServer"".""targetServerId"", ""public"".""DataObjectTargetServer"".""uniqueTargetServerId"" FROM ""public"".""DataObjectTargetServer"" WHERE (""public"".""DataObjectTargetServer"".""draftId"" = $1 AND ""public"".""DataObjectTargetServer"".""exportedUrl"" IS NOT NULL AND ((""public"".""DataObjectTargetServer"".""id"") IN (SELECT ""t0"".""id"" FROM ""public"".""DataObjectTargetServer"" AS ""t0"" INNER JOIN ""public"".""UniqueTargetServer"" AS ""j0"" ON (""j0"".""id"") = (""t0"".""uniqueTargetServerId"") WHERE (""j0"".""brokerageId"" IS NOT NULL AND ""t0"".""id"" IS NOT NULL)) OR (""public"".""DataObjectTargetServer"".""id"") IN (SELECT ""t0"".""id"" FROM ""public"".""DataObjectTargetServer"" AS ""t0"" INNER JOIN ""public"".""UniqueTargetServer"" AS ""j0"" ON (""j0"".""id"") = (""t0"".""uniqueTargetServerId"") WHERE (""j0"".""franchise_id"" IS NOT NULL AND ""t0"".""id"" IS NOT NULL)) OR (""public"".""DataObjectTargetServer"".""id"") IN (SELECT ""t0"".""id"" FROM ""public"".""DataObjectTargetServer"" AS ""t0"" INNER JOIN ""public"".""UniqueTargetServer"" AS ""j0"" ON (""j0"".""id"") = (""t0"".""uniqueTargetServerId"") WHERE (""j0"".""rNetId"" = $2 AND ""t0"".""id"" IS NOT NULL)) OR (""public"".""DataObjectTargetServer"".""id"") IN (SELECT ""t0"".""id"" FROM ""public"".""DataObjectTargetServer"" AS ""t0"" INNER JOIN ""public"".""UniqueTargetServer"" AS ""j0"" ON (""j0"".""id"") = (""t0"".""uniqueTargetServerId"") WHERE (""j0"".""rNetId"" = $3 AND ""t0"".""id"" IS NOT NULL)) OR (""public"".""DataObjectTargetServer"".""id"") IN (SELECT ""t0"".""id"" FROM ""public"".""DataObjectTargetServer"" AS ""t0"" INNER JOIN ""public"".""UniqueTargetServer"" AS ""j0"" ON (""j0"".""id"") = (""t0"".""uniqueTargetServerId"") WHERE (""j0"".""rNetId"" = $4 AND ""t0"".""id"" IS NOT NULL)))) LIMIT $5 OFFSET $6"
2025-11-10 08:00:06,UTC,10.72.102.34,39908,postgres,igluu_prod,13634,DETAIL,"parameters: $1 = 'a5fde658-1af4-407f-ac48-aee8f05fa9aa', $2 = '529', $3 = '588', $4 = '580', $5 = '1', $6 = '0'"
2025-11-10 08:01:16,UTC,79.124.40.174,56832,postgres,postgres,16778,FATAL,"no pg_hba.conf entry for host ""79.124.40.174"", user ""postgres"", database ""postgres"", no encryption"
2025-11-10 08:01:33,UTC,10.72.101.52,40916,postgres,igluu_prod,16771,LOG,"duration: 11672.438 ms  execute <unnamed>: select uf1_0.id,null,null,null,null,null,null,null,null,null,null,null,null,null,null,null,null,uf1_0.""createdFromLeadId"",null,null,null,null,null,uf1_0.""isAnonymised"",null,null,null,uf1_0.""fullName"",null,null,null,null,null,null,null,null,null,uf1_0.""userTypes"",uf1_0.email,null,null,null,null,null,null,null,null,null,null,null,null,null,a1_0.""id"",null,null,null,null,null,null,null,null,null,null,a1_0.""isPublic"",null,null,null,null,null,null,null,null,null,null,null,null,null from ""UserFlat"" uf1_0 left join ""FileInfo"" a1_0 on a1_0.""id""=uf1_0.""avatarId"" where uf1_0.id in ((select uf2_0.id from ""UserFlat"" uf2_0 left join ""_OwnerOnDraft"" do1_0 on uf2_0.id=do1_0.""B"" left join ""Draft"" do1_1 on do1_1.""id""=do1_0.""A"" left join ""_BrokersOnDraft"" b1_0 on do1_1.""id""=b1_0.""B"" where (uf2_0.""brokerId""=$1 or (do1_1.""agentToExport""=$2 or b1_0.""A""=$3)))) order by uf1_0.""updatedAt"" desc,uf1_0.id desc offset $4 rows fetch first $5 rows only"
2025-11-10 08:01:33,UTC,10.72.101.52,40916,postgres,igluu_prod,16771,DETAIL,"parameters: $1 = 'fcc748f3-98bf-4044-96c2-d735e59370bc', $2 = 'fcc748f3-98bf-4044-96c2-d735e59370bc', $3 = 'fcc748f3-98bf-4044-96c2-d735e59370bc', $4 = '0', $5 = '20'"
2025-11-10 08:02:31,UTC,,,,,1345,LOG,"checkpoint complete: wrote 7766 buffers (0.8%); 0 WAL file(s) added, 0 removed, 2 recycled; write=269.842 s, sync=0.026 s, total=269.892 s; sync files=503, longest=0.010 s, average=0.001 s; distance=98945 kB, estimate=336998 kB"
2025-11-10 08:02:35,UTC,79.124.40.174,47696,postgres,postgres,17752,FATAL,"no pg_hba.conf entry for host ""79.124.40.174"", user ""postgres"", database ""postgres"", no encryption"
2025-11-10 08:03:01,UTC,,,,,1345,LOG,checkpoint starting: time
2025-11-10 08:03:54,UTC,79.124.40.174,44038,postgres,postgres,18609,FATAL,"no pg_hba.conf entry for host ""79.124.40.174"", user ""postgres"", database ""postgres"", no encryption"
2025-11-10 08:05:10,UTC,79.124.40.174,52452,postgres,postgres,19482,FATAL,"no pg_hba.conf entry for host ""79.124.40.174"", user ""postgres"", database ""postgres"", no encryption"
2025-11-10 08:06:32,UTC,79.124.40.174,36358,postgres,postgres,20470,FATAL,"no pg_hba.conf entry for host ""79.124.40.174"", user ""postgres"", database ""postgres"", no encryption"
2025-11-10 08:07:31,UTC,,,,,1345,LOG,"checkpoint complete: wrote 6510 buffers (0.6%); 0 WAL file(s) added, 0 removed, 1 recycled; write=269.923 s, sync=0.034 s, total=269.974 s; sync files=410, longest=0.007 s, average=0.001 s; distance=106374 kB, estimate=313935 kB"
2025-11-10 08:07:47,UTC,10.72.103.14,52252,postgres,org_structure,12467,ERROR,"null value in column ""franchise_id"" of relation ""broker_config"" violates not-null constraint"
2025-11-10 08:07:47,UTC,10.72.103.14,52252,postgres,org_structure,12467,DETAIL,"Failing row contains (08c4fbc0-efdf-41e6-8b2a-5ef32febec87, ccb9e992-7d37-4496-a583-7d97a3bfd961, null, null, null, 2013-06-12 11:06:39+00, 2025-06-18 13:00:13.541161+00, null, null, null, null, null, c5b52e0a-9e87-4d85-914c-ec13a622a61f, null, null)."
2025-11-10 08:07:47,UTC,10.72.103.14,52252,postgres,org_structure,12467,STATEMENT,"insert into public.broker_config (brokerage_id,created_at,creator_id,deleted_at,editor_id,franchise_id,lvl_id,office_id,""order"",supervisor_id,updated_at,id) values ($1,$2,$3,$4,$5,$6,$7,$8,$9,$10,$11,$12)"
2025-11-10 08:07:50,UTC,10.72.103.14,52252,postgres,org_structure,12467,ERROR,"null value in column ""franchise_id"" of relation ""broker_config"" violates not-null constraint"
2025-11-10 08:07:50,UTC,10.72.103.14,52252,postgres,org_structure,12467,DETAIL,"Failing row contains (1042110f-65f4-4bda-8440-d2558203689d, ccb9e992-7d37-4496-a583-7d97a3bfd961, null, 91451a0e-7b3a-4076-9439-33877ed7bccd, null, 2025-05-02 11:19:52.574461+00, 2025-06-24 14:27:01.162291+00, null, null, null, null, null, c5b52e0a-9e87-4d85-914c-ec13a622a61f, null, null)."
2025-11-10 08:07:50,UTC,10.72.103.14,52252,postgres,org_structure,12467,STATEMENT,"insert into public.broker_config (brokerage_id,created_at,creator_id,deleted_at,editor_id,franchise_id,lvl_id,office_id,""order"",supervisor_id,updated_at,id) values ($1,$2,$3,$4,$5,$6,$7,$8,$9,$10,$11,$12)"
2025-11-10 08:07:58,UTC,10.72.103.14,52252,postgres,org_structure,12467,ERROR,"null value in column ""franchise_id"" of relation ""broker_config"" violates not-null constraint"
2025-11-10 08:07:58,UTC,10.72.103.14,52252,postgres,org_structure,12467,DETAIL,"Failing row contains (1042110f-65f4-4bda-8440-d2558203689d, ccb9e992-7d37-4496-a583-7d97a3bfd961, null, 91451a0e-7b3a-4076-9439-33877ed7bccd, null, 2025-05-02 11:19:52.574461+00, 2025-06-24 14:27:01.162291+00, null, null, null, null, null, c5b52e0a-9e87-4d85-914c-ec13a622a61f, null, null)."
2025-11-10 08:07:58,UTC,10.72.103.14,52252,postgres,org_structure,12467,STATEMENT,"insert into public.broker_config (brokerage_id,created_at,creator_id,deleted_at,editor_id,franchise_id,lvl_id,office_id,""order"",supervisor_id,updated_at,id) values ($1,$2,$3,$4,$5,$6,$7,$8,$9,$10,$11,$12)"
2025-11-10 08:08:01,UTC,,,,,1345,LOG,checkpoint starting: time
2025-11-10 08:08:05,UTC,10.72.103.14,36380,postgres,org_structure,23482,ERROR,"null value in column ""franchise_id"" of relation ""broker_config"" violates not-null constraint"
2025-11-10 08:08:05,UTC,10.72.103.14,36380,postgres,org_structure,23482,DETAIL,"Failing row contains (4d368a00-558c-4acf-99fb-3d490c7ea2c7, ccb9e992-7d37-4496-a583-7d97a3bfd961, null, null, null, 2013-03-08 20:17:09+00, 2025-06-16 14:08:23.450837+00, null, null, null, null, null, c5b52e0a-9e87-4d85-914c-ec13a622a61f, null, null)."
2025-11-10 08:08:05,UTC,10.72.103.14,36380,postgres,org_structure,23482,STATEMENT,"insert into public.broker_config (brokerage_id,created_at,creator_id,deleted_at,editor_id,franchise_id,lvl_id,office_id,""order"",supervisor_id,updated_at,id) values ($1,$2,$3,$4,$5,$6,$7,$8,$9,$10,$11,$12)"
2025-11-10 08:08:10,UTC,10.72.101.184,52682,postgres,igluu_prod,14793,LOG,"duration: 22569.654 ms  execute s1241427: SELECT ""public"".""DataObjectTargetServer"".""id"", ""public"".""DataObjectTargetServer"".""sourceId"", ""public"".""DataObjectTargetServer"".""sourceName"", ""public"".""DataObjectTargetServer"".""exportedUrl"", ""public"".""DataObjectTargetServer"".""dateOfLastToping"", ""public"".""DataObjectTargetServer"".""currentTopStamp"", ""public"".""DataObjectTargetServer"".""dataOfLastSuccessfulExport"", ""public"".""DataObjectTargetServer"".""dataOfLastResult"", ""public"".""DataObjectTargetServer"".""statusName"", ""public"".""DataObjectTargetServer"".""errorMessage"", ""public"".""DataObjectTargetServer"".""draftId"", ""public"".""DataObjectTargetServer"".""leadId"", ""public"".""DataObjectTargetServer"".""propertyId"", ""public"".""DataObjectTargetServer"".""developmentProjectId"", ""public"".""DataObjectTargetServer"".""targetServerId"", ""public"".""DataObjectTargetServer"".""uniqueTargetServerId"" FROM ""public"".""DataObjectTargetServer"" WHERE (""public"".""DataObjectTargetServer"".""draftId"" = $1 AND (NOT (""public"".""DataObjectTargetServer"".""id"") IN (SELECT ""t0"".""id"" FROM ""public"".""DataObjectTargetServer"" AS ""t0"" INNER JOIN ""public"".""UniqueTargetServer"" AS ""j0"" ON (""j0"".""id"") = (""t0"".""uniqueTargetServerId"") WHERE (""j0"".""rNetId"" IN ($2,$3,$4,$5,$6,$7,$8,$9,$10,$11,$12,$13,$14,$15,$16) AND ""t0"".""id"" IS NOT NULL)))) OFFSET $17"
2025-11-10 08:08:10,UTC,10.72.101.184,52682,postgres,igluu_prod,14793,DETAIL,"parameters: $1 = '8d879dad-f3dd-40d8-a560-0e8b75d68661', $2 = '1000001', $3 = '511', $4 = '592', $5 = '609', $6 = '573', $7 = '536', $8 = '576', $9 = '535', $10 = '1000000', $11 = '1002', $12 = '617', $13 = '1001', $14 = '512', $15 = '622', $16 = '621', $17 = '0'"
2025-11-10 08:09:20,UTC,10.72.101.171,42170,postgres,igluu_prod,21265,LOG,could not receive data from client: Connection reset by peer
2025-11-10 08:09:20,UTC,10.72.101.171,54720,postgres,igluu_prod,21237,LOG,could not receive data from client: Connection reset by peer
2025-11-10 08:09:20,UTC,10.72.101.171,23757,postgres,igluu_prod,21287,LOG,could not receive data from client: Connection reset by peer
2025-11-10 08:09:20,UTC,10.72.101.171,43784,postgres,igluu_prod,21249,LOG,could not receive data from client: Connection reset by peer
2025-11-10 08:09:20,UTC,10.72.101.171,35030,postgres,igluu_prod,21292,LOG,could not receive data from client: Connection reset by peer
2025-11-10 08:09:20,UTC,10.72.101.171,62035,postgres,igluu_prod,21280,LOG,could not receive data from client: Connection reset by peer
2025-11-10 08:09:20,UTC,10.72.101.171,31527,postgres,igluu_prod,21307,LOG,could not receive data from client: Connection reset by peer
2025-11-10 08:09:20,UTC,10.72.101.171,10121,postgres,igluu_prod,21283,LOG,could not receive data from client: Connection reset by peer
2025-11-10 08:09:20,UTC,10.72.101.171,21890,postgres,igluu_prod,21305,LOG,could not receive data from client: Connection reset by peer
2025-11-10 08:09:20,UTC,10.72.101.171,4691,postgres,igluu_prod,21313,LOG,could not receive data from client: Connection reset by peer
2025-11-10 08:09:20,UTC,10.72.101.171,23446,postgres,igluu_prod,21309,LOG,could not receive data from client: Connection reset by peer
2025-11-10 08:09:20,UTC,10.72.101.171,20476,postgres,igluu_prod,21297,LOG,could not receive data from client: Connection reset by peer
2025-11-10 08:09:20,UTC,10.72.101.171,5432,postgres,igluu_prod,21252,LOG,could not receive data from client: Connection reset by peer
2025-11-10 08:09:20,UTC,10.72.101.171,56379,postgres,igluu_prod,21308,LOG,could not receive data from client: Connection reset by peer
2025-11-10 08:09:20,UTC,10.72.101.171,38428,postgres,igluu_prod,21291,LOG,could not receive data from client: Connection reset by peer
2025-11-10 08:09:20,UTC,10.72.101.171,51131,postgres,igluu_prod,21286,LOG,could not receive data from client: Connection reset by peer
2025-11-10 08:09:20,UTC,10.72.101.171,41571,postgres,igluu_prod,21242,LOG,could not receive data from client: Connection reset by peer
2025-11-10 08:09:20,UTC,10.72.101.171,15556,postgres,igluu_prod,21270,LOG,could not receive data from client: Connection reset by peer
2025-11-10 08:09:20,UTC,10.72.101.171,15025,postgres,igluu_prod,21312,LOG,could not receive data from client: Connection reset by peer
2025-11-10 08:09:20,UTC,10.72.101.171,51276,postgres,igluu_prod,21300,LOG,could not receive data from client: Connection reset by peer
2025-11-10 08:09:20,UTC,10.72.101.171,54115,postgres,igluu_prod,21272,LOG,could not receive data from client: Connection reset by peer
2025-11-10 08:09:20,UTC,10.72.101.171,8806,postgres,igluu_prod,21298,LOG,could not receive data from client: Connection reset by peer
2025-11-10 08:09:20,UTC,10.72.101.171,60597,postgres,igluu_prod,21281,LOG,could not receive data from client: Connection reset by peer
2025-11-10 08:09:20,UTC,10.72.101.171,9429,postgres,igluu_prod,21293,LOG,could not receive data from client: Connection reset by peer
2025-11-10 08:09:20,UTC,10.72.101.171,23071,postgres,igluu_prod,21302,LOG,could not receive data from client: Connection reset by peer
2025-11-10 08:09:20,UTC,10.72.101.171,22264,postgres,igluu_prod,21278,LOG,could not receive data from client: Connection reset by peer
2025-11-10 08:09:20,UTC,10.72.101.171,39018,postgres,igluu_prod,21299,LOG,could not receive data from client: Connection reset by peer
2025-11-10 08:09:20,UTC,10.72.101.171,27353,postgres,igluu_prod,21275,LOG,could not receive data from client: Connection reset by peer
2025-11-10 08:09:20,UTC,10.72.101.171,60722,postgres,igluu_prod,21285,LOG,could not receive data from client: Connection reset by peer
2025-11-10 08:09:20,UTC,10.72.101.171,60370,postgres,igluu_prod,21304,LOG,could not receive data from client: Connection reset by peer
2025-11-10 08:09:20,UTC,10.72.101.171,51025,postgres,igluu_prod,21303,LOG,could not receive data from client: Connection reset by peer
2025-11-10 08:09:20,UTC,10.72.101.171,16386,postgres,igluu_prod,21273,LOG,could not receive data from client: Connection reset by peer
2025-11-10 08:09:20,UTC,10.72.101.171,19663,postgres,igluu_prod,21245,LOG,could not receive data from client: Connection reset by peer
2025-11-10 08:09:20,UTC,10.72.101.171,59558,postgres,igluu_prod,21288,LOG,could not receive data from client: Connection reset by peer
2025-11-10 08:09:20,UTC,10.72.101.171,26535,postgres,igluu_prod,21295,LOG,could not receive data from client: Connection reset by peer
2025-11-10 08:09:20,UTC,10.72.101.171,21699,postgres,igluu_prod,21284,LOG,could not receive data from client: Connection reset by peer
2025-11-10 08:09:20,UTC,10.72.101.171,30713,postgres,igluu_prod,21271,LOG,could not receive data from client: Connection reset by peer
2025-11-10 08:09:20,UTC,10.72.101.171,38852,postgres,igluu_prod,21289,LOG,could not receive data from client: Connection reset by peer
2025-11-10 08:09:20,UTC,10.72.101.171,31974,postgres,igluu_prod,21240,LOG,could not receive data from client: Connection reset by peer
2025-11-10 08:09:20,UTC,10.72.101.171,62953,postgres,igluu_prod,21294,LOG,could not receive data from client: Connection reset by peer
2025-11-10 08:09:20,UTC,10.72.101.171,58312,postgres,igluu_prod,21314,LOG,could not receive data from client: Connection reset by peer
2025-11-10 08:09:20,UTC,10.72.101.171,35789,postgres,igluu_prod,21306,LOG,could not receive data from client: Connection reset by peer
2025-11-10 08:09:20,UTC,10.72.101.171,46741,postgres,igluu_prod,21290,LOG,could not receive data from client: Connection reset by peer
2025-11-10 08:09:20,UTC,10.72.101.171,40933,postgres,igluu_prod,21310,LOG,could not receive data from client: Connection reset by peer
2025-11-10 08:09:20,UTC,10.72.101.171,20833,postgres,igluu_prod,21282,LOG,could not receive data from client: Connection reset by peer
2025-11-10 08:09:20,UTC,10.72.101.171,38409,postgres,igluu_prod,21301,LOG,could not receive data from client: Connection reset by peer
2025-11-10 08:09:20,UTC,10.72.101.171,3402,postgres,igluu_prod,21279,LOG,could not receive data from client: Connection reset by peer
2025-11-10 08:09:20,UTC,10.72.101.171,32172,postgres,igluu_prod,21311,LOG,could not receive data from client: Connection reset by peer
2025-11-10 08:09:20,UTC,10.72.101.171,8275,postgres,igluu_prod,21296,LOG,could not receive data from client: Connection reset by peer
2025-11-10 08:09:20,UTC,10.72.101.171,43322,postgres,igluu_prod,21276,LOG,could not receive data from client: Connection reset by peer
2025-11-10 08:09:20,UTC,10.72.101.171,5419,postgres,igluu_prod,21231,LOG,could not receive data from client: Connection reset by peer
2025-11-10 08:12:31,UTC,,,,,1345,LOG,"checkpoint complete: wrote 10509 buffers (1.0%); 0 WAL file(s) added, 0 removed, 4 recycled; write=269.671 s, sync=0.056 s, total=269.837 s; sync files=576, longest=0.007 s, average=0.001 s; distance=124829 kB, estimate=295025 kB"
2025-11-10 08:13:01,UTC,,,,,1345,LOG,checkpoint starting: time
2025-11-10 08:14:09,UTC,10.72.103.14,52252,postgres,org_structure,12467,ERROR,"null value in column ""franchise_id"" of relation ""broker_config"" violates not-null constraint"
2025-11-10 08:14:09,UTC,10.72.103.14,52252,postgres,org_structure,12467,DETAIL,"Failing row contains (9bbf00ab-624e-47ac-8add-f45f9dee0052, 7d7779a3-b89a-4c2a-a5fd-2f6269b7af6d, null, fe9a0fc6-7c21-42c6-86bf-d33d91d1d8e8, null, 2012-06-25 20:04:44+00, 2024-07-29 10:43:13.492+00, null, null, null, null, null, be58448f-1a8f-40cd-892a-007789755215, null, null)."
2025-11-10 08:14:09,UTC,10.72.103.14,52252,postgres,org_structure,12467,STATEMENT,"insert into public.broker_config (brokerage_id,created_at,creator_id,deleted_at,editor_id,franchise_id,lvl_id,office_id,""order"",supervisor_id,updated_at,id) values ($1,$2,$3,$4,$5,$6,$7,$8,$9,$10,$11,$12)"
2025-11-10 08:16:16,UTC,10.72.102.12,44770,postgres,igluu_prod,25701,FATAL,"no pg_hba.conf entry for host ""10.72.102.12"", user ""postgres"", database ""igluu_prod"", no encryption"
2025-11-10 08:16:16,UTC,10.72.102.12,44772,postgres,igluu_prod,25702,FATAL,"no pg_hba.conf entry for host ""10.72.102.12"", user ""postgres"", database ""igluu_prod"", no encryption"
2025-11-10 08:16:16,UTC,10.72.102.12,44816,postgres,igluu_prod,25706,FATAL,"no pg_hba.conf entry for host ""10.72.102.12"", user ""postgres"", database ""igluu_prod"", no encryption"
2025-11-10 08:16:16,UTC,10.72.102.12,44806,postgres,igluu_prod,25705,FATAL,"no pg_hba.conf entry for host ""10.72.102.12"", user ""postgres"", database ""igluu_prod"", no encryption"
2025-11-10 08:16:55,UTC,10.72.102.18,49992,postgres,igluu_prod,14398,ERROR,deadlock detected
2025-11-10 08:16:55,UTC,10.72.102.18,49992,postgres,igluu_prod,14398,DETAIL,"Process 14398 waits for ShareLock on transaction 1653260805; blocked by process 14629.
Process 14629 waits for ShareLock on transaction 1653262469; blocked by process 14398.
Process 14398: update ""DataObjectTargetServer"" set ""statusName""=$1 from ""DataObjectTargetServer"" dots1_0 join ""UniqueTargetServer"" uts1_0 on uts1_0.id=dots1_0.""uniqueTargetServerId"" where dots1_0.""draftId""=$2 and uts1_0.""brokerageId"" is null and uts1_0.franchise_id is null and uts1_0.""rNetId"" not in ($3,$4,$5,$6,$7,$8,$9,$10) and dots1_0.""statusName"" not in ($11,$12) and ""DataObjectTargetServer"".ctid=dots1_0.ctid
Process 14629: update ""DataObjectTargetServer"" set ""currentTopStamp""=$1,""dataOfLastResult""=$2,""dataOfLastSuccessfulExport""=$3,""dateOfLastToping""=$4,""developmentProjectId""=$5,""draftId""=$6,""errorMessage""=$7,""exportedUrl""=$8,""propertyId""=$9,requested_status=$10,server_reference_id=$11,""sourceId""=$12,""sourceName""=$13,""statusName""=$14,target_server_account_id=$15,""toppingMessage""=$16,""uniqueTargetServerId""=$17,with_vat=$18 where id=$19"
2025-11-10 08:16:55,UTC,10.72.102.18,49992,postgres,igluu_prod,14398,HINT,See server log for query details.
2025-11-10 08:16:55,UTC,10.72.102.18,49992,postgres,igluu_prod,14398,CONTEXT,"while updating tuple (2585,9) in relation ""DataObjectTargetServer"""
2025-11-10 08:16:55,UTC,10.72.102.18,49992,postgres,igluu_prod,14398,STATEMENT,"update ""DataObjectTargetServer"" set ""statusName""=$1 from ""DataObjectTargetServer"" dots1_0 join ""UniqueTargetServer"" uts1_0 on uts1_0.id=dots1_0.""uniqueTargetServerId"" where dots1_0.""draftId""=$2 and uts1_0.""brokerageId"" is null and uts1_0.franchise_id is null and uts1_0.""rNetId"" not in ($3,$4,$5,$6,$7,$8,$9,$10) and dots1_0.""statusName"" not in ($11,$12) and ""DataObjectTargetServer"".ctid=dots1_0.ctid"
2025-11-10 08:17:33,UTC,,,,,1345,LOG,"checkpoint complete: wrote 34521 buffers (3.4%); 0 WAL file(s) added, 2 removed, 4 recycled; write=269.893 s, sync=2.573 s, total=272.511 s; sync files=509, longest=2.529 s, average=0.006 s; distance=211447 kB, estimate=286667 kB"
2025-11-10 08:18:01,UTC,,,,,1345,LOG,checkpoint starting: time
2025-11-10 08:18:13,UTC,,,,,25266,LOG,"automatic vacuum of table ""igluu_prod.public.DataObjectTargetServer"": index scans: 1
pages: 0 removed, 438329 remain, 46638 scanned (10.64% of total)
tuples: 71801 removed, 10016638 remain, 1010 are dead but not yet removable
tuples missed: 4 dead from 1 pages not removed due to cleanup lock contention
removable cutoff: 1653258602, which was 7070 XIDs old when operation ended
index scan needed: 16392 pages from table (3.74% of total) had 109711 dead item identifiers removed
index ""DataObjectTargetServer_pkey"": pages: 116704 in total, 0 newly deleted, 0 currently deleted, 0 reusable
index ""DataObjectTargetServer_sourceId_sourceName_key"": pages: 227704 in total, 0 newly deleted, 18553 currently deleted, 18553 reusable
index ""DataObjectTargetServer_propertyId_index"": pages: 41628 in total, 0 newly deleted, 125 currently deleted, 125 reusable
index ""DataObjectTargetServer_targetServerId_index"": pages: 34725 in total, 0 newly deleted, 6873 currently deleted, 6873 reusable
index ""data_object_source_name"": pages: 35718 in total, 0 newly deleted, 4479 currently deleted, 4479 reusable
index ""DataObjectTargetServer_status_index"": pages: 34195 in total, 0 newly deleted, 1370 currently deleted, 1370 reusable
index ""DataObjectTargetServer_date_of_last_result_index"": pages: 128714 in total, 416 newly deleted, 1785 currently deleted, 1369 reusable
index ""DataObjectTargetServer_draftId_id_idx"": pages: 162864 in total, 0 newly deleted, 0 currently deleted, 0 reusable
index ""DataObjectTargetServer_devProjectId_id_idx"": pages: 124732 in total, 0 newly deleted, 6 currently deleted, 6 reusable
index ""DataObjectTargetServer_target_server_account_id_dataOfLastR_idx"": pages: 99111 in total, 796 newly deleted, 18624 currently deleted, 17959 reusable
index ""DataObjectTargetServer_uniqueTargetServerId_draftId_idx"": pages: 89369 in total, 0 newly deleted, 0 currently deleted, 0 reusable
index ""DataObjectTargetServer_server_reference_id_idx"": pages: 24642 in total, 0 newly deleted, 0 currently deleted, 0 reusable
index ""idx_cover_dots_status_pending_external"": pages: 95 in total, 0 newly deleted, 6 currently deleted, 6 reusable
index ""idx_cover_dots_status_deleted"": pages: 6497 in total, 0 newly deleted, 0 currently deleted, 0 reusable
index ""idx_cover_dots_status_error"": pages: 429 in total, 0 newly deleted, 18 currently deleted, 18 reusable
I/O timings: read: 57306.853 ms, write: 1421.466 ms
avg read rate: 53.020 MB/s, avg write rate: 8.600 MB/s
buffer usage: 322842 hits, 1105706 misses, 179355 dirtied
WAL usage: 228522 records, 179189 full page images, 366389550 bytes
system usage: CPU: user: 12.75 s, system: 5.69 s, elapsed: 162.92 s"
2025-11-10 08:20:36,UTC,10.72.101.171,49202,postgres,igluu_prod,24904,LOG,could not receive data from client: Connection reset by peer
2025-11-10 08:20:37,UTC,10.72.103.14,52252,postgres,org_structure,12467,ERROR,"null value in column ""franchise_id"" of relation ""broker_config"" violates not-null constraint"
2025-11-10 08:20:37,UTC,10.72.103.14,52252,postgres,org_structure,12467,DETAIL,"Failing row contains (9bbf00ab-624e-47ac-8add-f45f9dee0052, 7d7779a3-b89a-4c2a-a5fd-2f6269b7af6d, null, fe9a0fc6-7c21-42c6-86bf-d33d91d1d8e8, null, 2012-06-25 20:04:44+00, 2024-07-29 10:43:13.492+00, null, null, null, null, null, be58448f-1a8f-40cd-892a-007789755215, null, null)."
2025-11-10 08:20:37,UTC,10.72.103.14,52252,postgres,org_structure,12467,STATEMENT,"insert into public.broker_config (brokerage_id,created_at,creator_id,deleted_at,editor_id,franchise_id,lvl_id,office_id,""order"",supervisor_id,updated_at,id) values ($1,$2,$3,$4,$5,$6,$7,$8,$9,$10,$11,$12)"
2025-11-10 08:21:37,UTC,10.72.103.14,52252,postgres,org_structure,12467,ERROR,"null value in column ""franchise_id"" of relation ""broker_config"" violates not-null constraint"
2025-11-10 08:21:37,UTC,10.72.103.14,52252,postgres,org_structure,12467,DETAIL,"Failing row contains (9bbf00ab-624e-47ac-8add-f45f9dee0052, 7d7779a3-b89a-4c2a-a5fd-2f6269b7af6d, null, fe9a0fc6-7c21-42c6-86bf-d33d91d1d8e8, null, 2012-06-25 20:04:44+00, 2024-07-29 10:43:13.492+00, null, null, null, null, null, be58448f-1a8f-40cd-892a-007789755215, null, null)."
2025-11-10 08:21:37,UTC,10.72.103.14,52252,postgres,org_structure,12467,STATEMENT,"insert into public.broker_config (brokerage_id,created_at,creator_id,deleted_at,editor_id,franchise_id,lvl_id,office_id,""order"",supervisor_id,updated_at,id) values ($1,$2,$3,$4,$5,$6,$7,$8,$9,$10,$11,$12)"
2025-11-10 08:22:08,UTC,10.72.101.184,52684,postgres,igluu_prod,14792,LOG,could not receive data from client: Connection reset by peer
2025-11-10 08:22:08,UTC,10.72.101.184,52682,postgres,igluu_prod,14793,LOG,could not receive data from client: Connection reset by peer
2025-11-10 08:22:08,UTC,10.72.101.184,52688,postgres,igluu_prod,14794,LOG,could not receive data from client: Connection reset by peer
2025-11-10 08:22:08,UTC,10.72.101.184,37760,postgres,igluu_prod,7640,LOG,could not receive data from client: Connection reset by peer
2025-11-10 08:22:08,UTC,10.72.101.184,52700,postgres,igluu_prod,14796,LOG,could not receive data from client: Connection reset by peer
2025-11-10 08:22:08,UTC,10.72.101.184,52674,postgres,igluu_prod,14790,LOG,could not receive data from client: Connection reset by peer
2025-11-10 08:22:08,UTC,10.72.101.184,36860,postgres,igluu_prod,13447,LOG,could not receive data from client: Connection reset by peer
2025-11-10 08:22:08,UTC,10.72.101.184,52668,postgres,igluu_prod,14791,LOG,could not receive data from client: Connection reset by peer
2025-11-10 08:22:08,UTC,10.72.101.184,36872,postgres,igluu_prod,13448,LOG,could not receive data from client: Connection reset by peer
2025-11-10 08:22:08,UTC,10.72.101.184,52690,postgres,igluu_prod,14795,LOG,could not receive data from client: Connection reset by peer
2025-11-10 08:22:31,UTC,,,,,1345,LOG,"checkpoint complete: wrote 28304 buffers (2.8%); 0 WAL file(s) added, 0 removed, 5 recycled; write=269.353 s, sync=0.033 s, total=269.418 s; sync files=474, longest=0.004 s, average=0.001 s; distance=444554 kB, estimate=444554 kB"
2025-11-10 08:23:01,UTC,,,,,1345,LOG,checkpoint starting: time
2025-11-10 08:24:11,UTC,10.72.103.14,52252,postgres,org_structure,12467,ERROR,"null value in column ""franchise_id"" of relation ""broker_config"" violates not-null constraint"
2025-11-10 08:24:11,UTC,10.72.103.14,52252,postgres,org_structure,12467,DETAIL,"Failing row contains (9bbf00ab-624e-47ac-8add-f45f9dee0052, 7d7779a3-b89a-4c2a-a5fd-2f6269b7af6d, null, fe9a0fc6-7c21-42c6-86bf-d33d91d1d8e8, null, 2012-06-25 20:04:44+00, 2024-07-29 10:43:13.492+00, null, null, null, null, null, be58448f-1a8f-40cd-892a-007789755215, null, null)."
2025-11-10 08:24:11,UTC,10.72.103.14,52252,postgres,org_structure,12467,STATEMENT,"insert into public.broker_config (brokerage_id,created_at,creator_id,deleted_at,editor_id,franchise_id,lvl_id,office_id,""order"",supervisor_id,updated_at,id) values ($1,$2,$3,$4,$5,$6,$7,$8,$9,$10,$11,$12)"
2025-11-10 08:25:05,UTC,10.72.103.14,52252,postgres,org_structure,12467,ERROR,"null value in column ""franchise_id"" of relation ""broker_config"" violates not-null constraint"
2025-11-10 08:25:05,UTC,10.72.103.14,52252,postgres,org_structure,12467,DETAIL,"Failing row contains (9bbf00ab-624e-47ac-8add-f45f9dee0052, 7d7779a3-b89a-4c2a-a5fd-2f6269b7af6d, null, fe9a0fc6-7c21-42c6-86bf-d33d91d1d8e8, null, 2012-06-25 20:04:44+00, 2024-07-29 10:43:13.492+00, null, null, null, null, null, be58448f-1a8f-40cd-892a-007789755215, null, null)."
2025-11-10 08:25:05,UTC,10.72.103.14,52252,postgres,org_structure,12467,STATEMENT,"insert into public.broker_config (brokerage_id,created_at,creator_id,deleted_at,editor_id,franchise_id,lvl_id,office_id,""order"",supervisor_id,updated_at,id) values ($1,$2,$3,$4,$5,$6,$7,$8,$9,$10,$11,$12)"
2025-11-10 08:27:31,UTC,,,,,1345,LOG,"checkpoint complete: wrote 18675 buffers (1.9%); 0 WAL file(s) added, 0 removed, 2 recycled; write=269.782 s, sync=0.016 s, total=269.817 s; sync files=451, longest=0.005 s, average=0.001 s; distance=260544 kB, estimate=426153 kB"
2025-11-10 08:28:01,UTC,,,,,1345,LOG,checkpoint starting: time
2025-11-10 08:30:19,UTC,10.72.101.52,60688,postgres,igluu_prod,1713,LOG,"duration: 6835.152 ms  execute <unnamed>: select d1_0.""id"",null,null,(select array_agg(o3_0.""B"") from ""Draft"" d2_0 left join ""_OwnerOnDraft"" o3_0 on d2_0.""id""=o3_0.""A"" where d1_0.""id""=d2_0.""id""),(select array_agg(b2_0.""A"") from ""Draft"" d3_0 left join ""_BrokersOnDraft"" b2_0 on d3_0.""id""=b2_0.""B"" where d1_0.""id""=d3_0.""id""),cf1_0.""id"",null,null,null,null,null,null,null,null,null,null,null,null,null,null,null,null,null,null,null,null,null,null,null,null,null,null,null,null,null,null,null,null,null,null,null,null,null,null,null,null,null,null,null,null,null,null,null,null,null,null,null,null,null,null,null,null,null,null,null,null,null,null,null,null,null,null,null,null,null,null,null,null,null,null,null,null,null,null,null,null,null,null,null,null,null,null,null,null,null,null,null,null,null,null,null,null,null,null,null,null,null,null,null,null,null,null,null,null,null,null,null,null,null,null,null,null,null,null,null,null,null,null,null,null,null,null,null,null,null,null,null,null,null,null,null,null,null,null,null,null,null,null,null,null,null,null,null,null,null,null,null,null,null,null,null,null,null,null,null,null,null,null,null,null,null,null,null,null,null,null,null,null,null,null,null,null,null,null,null,null,null,null,null,null,null,null,null,null,null,null,null,null,null,null,null,null,null,null,null,null,null,null,null,null,null,null,null,null,null,null,null,null,null,null,null,null,null,null,null,null,null,null,null,null,null,null,null,null,null,null,null,null,null,null,null,null,null,null,null,null,null,null,null,null,null,null,null,null,null,null,null,null,null,null,null,null,null,null,null,null,null,null,null,null,null,null,null,null,null,cf1_0.""serialId"",cf1_0.""selectedExportServers"",null,null,null,null,null,null,null,null,null,null,null,null,cf1_0.""propertyId"",null,null,null,null,null,null,null,null,null,null,null,null,null,null,null,null,null,null,null,null,null,null,null,null,null,null,null,null,null,null,null,null,null,null,d1_0.""areaBuiltUp"",d1_0.""areaNonResidential"",d1_0.""areaOfOffice"",d1_0.""areaOfSales"",d1_0.""areaOfStorage"",d1_0.""balconyArea"",d1_0.""ceilingHeight"",d1_0.""ceilingHeightClear"",d1_0.""cellarArea"",d1_0.""craneLoad"",null,d1_0.""enclosedBalconyArea"",d1_0.""gardenArea"",d1_0.area_garage,d1_0.""livingArea"",d1_0.""parcelArea"",null,d1_0.""terraceArea"",d1_0.""useableArea"",d1_0.""aboveFloors"",d1_0.""capacityOfAlimentation"",d1_0.""energyUsage"",d1_0.floor,d1_0.""floorsBelow"",null,d1_0.""livingUnitsNumber"",d1_0.""maximumNumberOfPeople"",null,d1_0.""numberOfBuildings"",d1_0.""numberOfNonResidentialUnits"",d1_0.""numberOfOwners"",d1_0.""numberOfParkingLots"",d1_0.""numberOfPhoneLines"",null,null,null,null,d1_0.""yearBuilt"",d1_0.""yearRenovated"",d1_0.atypical,d1_0.balcony,d1_0.""cableTv"",d1_0.cellar,d1_0.""ecologicalLoad"",d1_0.elevator,null,d1_0.""flatInHouse"",null,d1_0.garden,d1_0.""isAlimentation"",d1_0.""isAttic"",d1_0.""isChildren"",d1_0.""isCleaning"",d1_0.""isConstructionOnLot"",d1_0.""isCrane"",d1_0.""isForeigners"",d1_0.""isForLiving"",d1_0.""isMaisonnette"",d1_0.""isMeetingRoom"",d1_0.""isMultigenerational"",d1_0.""isPets"",d1_0.""isTurnkey"",null,d1_0.""pcNetworkLine"",d1_0.""phoneConnection"",d1_0.""receptionInBuilding"",null,d1_0.terrace,d1_0.""buildingTypeName"",d1_0.""coreOfApartmentName"",d1_0.""dispositionName"",d1_0.""energyPerformanceCertificateName"",d1_0.""energyPermormanceRatingName"",null,d1_0.""furnishedName"",d1_0.""gasDistributionName"",d1_0.""heatingNote"",d1_0.""internetName"",null,d1_0.""propertyConditionName"",d1_0.""sanitaryEquipmentName"",d1_0.""sewerName"",d1_0.""waterSourceName"",d1_0.""floorTypeName"",d1_0.""areaProduction"",d1_0.""isAccessibility"",d1_0.""storeyTypeName"",d1_0.circuit_breaker,d1_0.internet_connection_provider,d1_0.internet_connection_speed,d1_0.annuity,d1_0.""auctionPrincipalSum"",null,d1_0.""cautionTotal"",d1_0.""closePrice"",d1_0.""expertOpinion"",d1_0.""commissionBuyer"",d1_0.""feesAndServices"",d1_0.""commissionSeller"",null,d1_0.""listPrice"",d1_0.""minimalPrice"",d1_0.""minimumBid"",d1_0.price,null,d1_0.""realProvisionToRA"",null,d1_0.""reservationDeposit"",null,d1_0.valuation_min_price,d1_0.valuation_max_price,null,null,null,null,null,null,d1_0.""isPriceToNegotiation"",d1_0.""priceIncludingProvision"",d1_0.""priceToAdvertisingFeesAndServicesIncluded"",null,d1_0.""addVATtoPriceName"",d1_0.""addVATtoProvisionBuyerName"",d1_0.""addVATtoProvisionName"",d1_0.""addVATtoProvisionSellerName"",null,null,null,d1_0.""currencyName"",null,d1_0.""pricePeriodName"",d1_0.""priceTypeName"",d1_0.""isYourOwnFee"",d1_0.""provisionPercentSeller"",d1_0.""provisionPercentBuyer"",d1_0.""sharedCommission"",null,null,null,null,d1_0.is_public_price,null,null,null,null,null,null,null,d1_0.""typeName"",null,null,null,d1_0.""shareDenominator"",d1_0.""shareNumerator"",d1_0.""isFreeImmediately"",d1_0.""isMortgagePossible"",d1_0.""isShortTermLease"",d1_0.""auctionTypeName"",d1_0.""blurAddressName"",d1_0.""buildingLienName"",d1_0.""contractTypeName"",d1_0.""minimumRentalPeriodName"",d1_0.note,d1_0.""noteAgentToAgent"",d1_0.""noteAgentToAgentManagement"",null,d1_0.""ownershipTypeName"",null,d1_0.""foreignersComment"",d1_0.""petsComment"",d1_0.""reasonOfContractAnnulmentName"",d1_0.""pledgeBankName"",d1_0.""pledgeDepositRemaining"",null,null,null,null,d1_0.""currentBusinessCaseId"",null,null,null,d1_0.rent_type,d1_0.refundable_deposit,null,null,null,null,null,null,null,null,c1_0.id,null,null,null,null,null,null,null,null,null,null,null,null,null,null,c1_0.""fullName"",null,null,null,c1_0.""phoneNumber"",(select array_agg(pn1_0.id) from ""PhoneNumber"" pn1_0 where pn1_0.""brokerId""=c1_0.id and c1_0.id=pn1_0.""brokerId""),c1_0.""email"",(select array_agg(e1_0.id) from ""Email"" e1_0 where e1_0.""brokerId""=c1_0.id and c1_0.id=e1_0.""brokerId""),null,null,null,null,null,null,null,c1_0.""avatarId"",null,null,null,null,null,null,null,null,null,null,null,null,null,null,null,null,null,null,(select array_agg(ppi1_0.id) from ""PublicProfile"" ppi1_0 where c1_0.id=c1_0.id and c1_0.id=ppi1_0.""originalId""),null,null,null,null,b1_0.""id"",b1_0.""name"",null,null,null,null,null,null,null,null,null,null,null,null,null,null,null,null,null,null,null,null,null,null,null,null,null,null,null,null,null,null,null,o1_0.""id"",null,null,null,null,null,null,null,null,null,null,null,null,null,null,o1_0.name,null,null,null,null,null,null,null,null,null,null,null,null,null,null,null,null,null,null,null,null,null,null,null,null,null,null,null,null,null,null,null,null,atee1_0.id,null,null,null,null,o2_0.""id"",null,null,null,null,null,null,null,null,null,null,null,null,null,null,o2_0.name,null,null,null,null,null,null,null,null,null,null,null,null,null,null,null,null,null,null,null,null,null,null,null,null,null,null,null,null,null,null,null,atee1_0.""brokerageId"",null,null,null,null,null,null,null,null,atee1_0.""fullName"",null,null,null,atee1_0.""phoneNumber"",(select array_agg(pn2_0.id) from ""PhoneNumber"" pn2_0 where pn2_0.""brokerId""=atee1_0.id and atee1_0.id=pn2_0.""brokerId""),atee1_0.""email"",(select array_agg(e2_0.id) from ""Email"" e2_0 where e2_0.""brokerId""=atee1_0.id and atee1_0.id=e2_0.""brokerId""),null,null,null,null,null,null,null,atee1_0.""avatarId"",null,null,null,null,null,null,null,null,null,null,null,null,null,null,null,null,null,null,(select array_agg(ppi2_0.id) from ""PublicProfile"" ppi2_0 where atee1_0.id=atee1_0.id and atee1_0.id=ppi2_0.""originalId""),null,null,null,null,d1_0.""auctionDate"",d1_0.""committedAt"",d1_0.""contractSignatureDate"",d1_0.""createdAt"",d1_0.""dateFrom"",null,d1_0.""dateOfRealRealisation"",d1_0.""dateTo"",d1_0.""freeFrom"",d1_0.""leaseTo"",d1_0.""reservationPayedOn"",d1_0.""reservationTo"",d1_0.""reservedFrom"",d1_0.""tourDate1"",d1_0.""tourDate2"",d1_0.""updatedAt"",null,null,null,null,null,d1_0.""streetWithoutNumbers"",null,null,null,null,d1_0.""singleLine"",d1_0.""houseNumber"",d1_0.lat,d1_0.lng,null,d1_0.""cadastralTerritory"",null,d1_0.""unitNumber"",null,null,d1_0.""auctionAddress"",null,d1_0.""characterOfVillageName"",d1_0.""landTypeRuianName"",d1_0.municipality,null,d1_0.""parcelNumber"",null,d1_0.city,d1_0.""countryCodeName"",null,d1_0.county,d1_0.""stateLocation"",d1_0.township,null,d1_0.""partOfTheVillage"",null,d1_0.""postalCode"",d1_0.""protectedLandscapeAreaName"",d1_0.""roadTypeName"",d1_0.""typeOfUseName"",d1_0.""nonExistingProperty"",null,d1_0.""indicativeNumber"",null,(select array_agg(a1_0.""applianceId"") from ""Draft"" d4_0 left join ""ApplianceOnDraft"" a1_0 on d4_0.""id""=a1_0.""draftId"" where d4_0.""id""=d4_0.""id"" and d1_0.""id""=d4_0.""id""),(select array_agg(pf1_0.""parkingFeaturesId"") from ""Draft"" d5_0 left join ""ParkingFeaturesOnDraft"" pf1_0 on d5_0.""id""=pf1_0.""draftId"" where d5_0.""id""=d5_0.""id"" and d1_0.""id""=d5_0.""id""),d1_0.""serialId"",d1_0.""selectedExportServers"",d1_0.""realkoId"",d1_0.""stateName"",null,d1_0.title,d1_0.description,d1_0.""isForMLS"",d1_0.""propertyTypeName"",d1_0.""propertySubTypeName"",null,null,d1_0.""propertyId"",null,d1_0.is_panorama,d1_0.""exclusiveMLSActionName"",d1_0.""exclusiveMLSTime"",null,(select array_agg(cm1_0.""constructionMaterialsId"") from ""Draft"" d6_0 left join ""ConstructionMaterialsOnDraft"" cm1_0 on d6_0.""id""=cm1_0.""draftId"" where d6_0.""id""=d6_0.""id"" and d1_0.""id""=d6_0.""id""),(select array_agg(df1_0.""directionFacesName"") from ""Draft"" d7_0 left join ""DirectionFacesOnDraft"" df1_0 on d7_0.""id""=df1_0.""draftId"" where d7_0.""id""=d7_0.""id"" and d1_0.""id""=d7_0.""id""),(select array_agg(e3_0.""electricId"") from ""Draft"" d8_0 left join ""ElectricOnDraft"" e3_0 on d8_0.""id""=e3_0.""draftId"" where d8_0.""id""=d8_0.""id"" and d1_0.""id""=d8_0.""id""),(select array_agg(eol1_0.""electricOnLotName"") from ""Draft"" d9_0 left join ""ElectricOnLotOnDraft"" eol1_0 on d9_0.""id""=eol1_0.""draftId"" where d9_0.""id""=d9_0.""id"" and d1_0.""id""=d9_0.""id""),(select array_agg(sf1_0.""securityFeatureName"") from ""Draft"" d10_0 left join ""SecurityFeatureOnDraft"" sf1_0 on d10_0.""id""=sf1_0.""draftId"" where d10_0.""id""=d10_0.""id"" and d1_0.""id""=d10_0.""id""),(select array_agg(s1_0.""serviceName"") from ""Draft"" d11_0 left join ""ServiceOnDraft"" s1_0 on d11_0.""id""=s1_0.""draftId"" where d11_0.""id""=d11_0.""id"" and d1_0.""id""=d11_0.""id""),null,(select array_agg(ta1_0.""transportAvailabilityId"") from ""Draft"" d12_0 left join ""TransportAvailabilityOnDraft"" ta1_0 on d12_0.""id""=ta1_0.""draftId"" where d12_0.""id""=d12_0.""id"" and d1_0.""id""=d12_0.""id""),null,(select array_agg(whs1_0.""waterHotSourceName"") from ""Draft"" d13_0 left join ""WaterHotSourceOnDraft"" whs1_0 on d13_0.""id""=whs1_0.""draftId"" where d13_0.""id""=d13_0.""id"" and d1_0.""id""=d13_0.""id""),null,null,null,null,null,null,rbe1_0.id,null,null,null,null,null,null,null,null,null,null,null,null,null,null,null,null,null,null,null,null,null,null,null,null,null,null,null,null,null,rbe1_0.""fullName"",null,null,null,rbe1_0.phone,null,null,null,rbe1_0.""avatarId"",rbe1_0.email,(select array_agg(e4_0.id) from ""Email"" e4_0 where e4_0.""userId""=rbe1_0.id and rbe1_0.id=e4_0.""userId""),(select array_agg(pn3_0.id) from ""PhoneNumber"" pn3_0 where pn3_0.""userId""=rbe1_0.id and rbe1_0.id=pn3_0.""userId""),null,null,null,null,null,null,null,null,null,null,null,(select array_agg(geg1_0.green_energy_generation) from ""Draft"" d14_0 left join green_energy_generation_on_draft geg1_0 on d14_0.""id""=geg1_0.draft_id where d14_0.""id""=d14_0.""id"" and d1_0.""id""=d14_0.""id""),d1_0.auction_bidding_type_name,d1_0.is_personal,null,null,d1_0.last_topping_at,d1_0.mass_topping_until,null,d1_0.topping_listing_price,d1_0.display_listing_price,null from ""Draft"" d1_0 left join ""Draft"" cf1_0 on cf1_0.""id""=d1_0.""copied_from_id"" left join ""Broker"" c1_0 on c1_0.id=d1_0.""creatorId"" left join ""Brokerage"" b1_0 on b1_0.""id""=d1_0.""brokerageId"" left join ""Office"" o1_0 on o1_0.""id""=d1_0.""officeId"" left join ""Broker"" atee1_0 on atee1_0.id=d1_0.""agentToExport"" left join ""Office"" o2_0 on o2_0.""id""=atee1_0.""officeId"" left join ""User"" rbe1_0 on rbe1_0.id=d1_0.""reservedBy"" where d1_0.""id"" in ((select d15_0.""id"" from ""Draft"" d15_0 left join ""_BrokersOnDraft"" b7_0 on d15_0.""id""=b7_0.""B"" where d15_0.""stateName"" not in ($1,$2,$3,$4) and (d15_0.""agentToExport""=$5 or b7_0.""A""=$6))) order by d1_0.""createdAt"" desc,d1_0.""id"" desc offset $7 rows fetch first $8 rows only"
2025-11-10 08:30:19,UTC,10.72.101.52,60688,postgres,igluu_prod,1713,DETAIL,"parameters: $1 = 'DELETED', $2 = 'CANCELLED', $3 = 'REALISED', $4 = 'REALISED', $5 = 'a70b56a9-7565-4463-b24c-960e6603de62', $6 = 'a70b56a9-7565-4463-b24c-960e6603de62', $7 = '0', $8 = '10'"
2025-11-10 08:32:31,UTC,,,,,1345,LOG,"checkpoint complete: wrote 20691 buffers (2.1%); 0 WAL file(s) added, 0 removed, 3 recycled; write=269.911 s, sync=0.239 s, total=270.176 s; sync files=490, longest=0.007 s, average=0.001 s; distance=162058 kB, estimate=399743 kB"
2025-11-10 08:33:01,UTC,,,,,1345,LOG,checkpoint starting: time
2025-11-10 08:35:36,UTC,10.72.101.170,54381,postgres,igluu_prod,1450,LOG,could not receive data from client: Connection reset by peer
2025-11-10 08:37:31,UTC,,,,,1345,LOG,"checkpoint complete: wrote 21566 buffers (2.1%); 0 WAL file(s) added, 0 removed, 2 recycled; write=269.614 s, sync=0.030 s, total=269.674 s; sync files=380, longest=0.013 s, average=0.001 s; distance=199943 kB, estimate=379763 kB"
2025-11-10 08:37:42,UTC,10.72.103.14,52252,postgres,org_structure,12467,ERROR,"null value in column ""franchise_id"" of relation ""broker_config"" violates not-null constraint"
2025-11-10 08:37:42,UTC,10.72.103.14,52252,postgres,org_structure,12467,DETAIL,"Failing row contains (9e17cc3b-10f4-44fe-b671-ec168d632b0d, dc3704a7-d4a9-4b7b-b943-495023fdddf7, null, null, null, 2023-09-04 18:55:49.314+00, 2025-10-17 12:39:27.271014+00, null, null, null, null, null, c087c19f-ea6f-46c8-8de4-0bd33ca35024, null, null)."
2025-11-10 08:37:42,UTC,10.72.103.14,52252,postgres,org_structure,12467,STATEMENT,"insert into public.broker_config (brokerage_id,created_at,creator_id,deleted_at,editor_id,franchise_id,lvl_id,office_id,""order"",supervisor_id,updated_at,id) values ($1,$2,$3,$4,$5,$6,$7,$8,$9,$10,$11,$12)"
2025-11-10 08:37:48,UTC,10.72.102.34,39912,postgres,igluu_prod,13636,LOG,"duration: 9786.300 ms  execute s542903: SELECT ""public"".""DataObjectTargetServer"".""id"", ""public"".""DataObjectTargetServer"".""sourceId"", ""public"".""DataObjectTargetServer"".""sourceName"", ""public"".""DataObjectTargetServer"".""exportedUrl"", ""public"".""DataObjectTargetServer"".""dateOfLastToping"", ""public"".""DataObjectTargetServer"".""currentTopStamp"", ""public"".""DataObjectTargetServer"".""dataOfLastSuccessfulExport"", ""public"".""DataObjectTargetServer"".""dataOfLastResult"", ""public"".""DataObjectTargetServer"".""statusName"", ""public"".""DataObjectTargetServer"".""errorMessage"", ""public"".""DataObjectTargetServer"".""draftId"", ""public"".""DataObjectTargetServer"".""leadId"", ""public"".""DataObjectTargetServer"".""propertyId"", ""public"".""DataObjectTargetServer"".""developmentProjectId"", ""public"".""DataObjectTargetServer"".""targetServerId"", ""public"".""DataObjectTargetServer"".""uniqueTargetServerId"" FROM ""public"".""DataObjectTargetServer"" WHERE (""public"".""DataObjectTargetServer"".""draftId"" = $1 AND (NOT (""public"".""DataObjectTargetServer"".""id"") IN (SELECT ""t0"".""id"" FROM ""public"".""DataObjectTargetServer"" AS ""t0"" INNER JOIN ""public"".""UniqueTargetServer"" AS ""j0"" ON (""j0"".""id"") = (""t0"".""uniqueTargetServerId"") WHERE (""j0"".""rNetId"" IN ($2,$3,$4,$5,$6,$7,$8,$9,$10,$11,$12,$13,$14,$15) AND ""t0"".""id"" IS NOT NULL)))) OFFSET $16"
2025-11-10 08:37:48,UTC,10.72.102.34,39912,postgres,igluu_prod,13636,DETAIL,"parameters: $1 = 'd95c639c-59e8-48ca-8244-3e4a7014450e', $2 = '1000001', $3 = '511', $4 = '592', $5 = '609', $6 = '573', $7 = '536', $8 = '576', $9 = '535', $10 = '1000000', $11 = '1002', $12 = '612', $13 = '512', $14 = '622', $15 = '621', $16 = '0'"
2025-11-10 08:37:48,UTC,10.72.103.177,43958,postgres,igluu_prod,5404,LOG,"duration: 9622.715 ms  execute <unnamed>: select p1_0.""id"",p1_0.""brokerId"",p1_0.""brokerageId"",p1_0.""characteristicsId"",p1_0.""createdAt"",p1_0.""creatorId"",p1_0.description,p1_0.""developmentProjectId"",(SELECT d.id FROM ""Draft"" d WHERE d.""propertyId"" = p1_0.id),p1_0.""editorId"",p1_0.""equipmentId"",p1_0.""exportId"",p1_0.""franchiseId"",p1_0.is_bathroom_on_photo,p1_0.is_bedroom_on_photo,p1_0.""isForMLS"",p1_0.""isHidden"",p1_0.is_personal,p1_0.""listingId"",p1_0.""locationId"",p1_0.""numberOfOwners"",p1_0.""officeId"",p1_0.""ownershipTypeName"",p1_0.""propertySubTypeName"",p1_0.""propertyTypeName"",p1_0.""realkoId"",p1_0.""searialId"",p1_0.""serialIdString"",p1_0.""sourceId"",p1_0.""sourceName"",p1_0.""stateName"",p1_0.""structureId"",p1_0.title,p1_0.""updatedAt"",p1_0.""userId"",p1_0.""utilitiesId"" from ""Property"" p1_0 where p1_0.""id"" in ((select p2_0.""id"" from ""Property"" p2_0 left join ""Listing"" l3_0 on l3_0.""id""=p2_0.""listingId"" left join ""Price"" p3_0 on p3_0.""id""=l3_0.""priceId"" left join ""Location"" l4_0 on l4_0.""id""=p2_0.""locationId"" left join public.""Gis"" g1_0 on g1_0.id=l4_0.""gisId"" left join ""Location"" l5_0 on l5_0.""id""=p2_0.""locationId"" left join ""Address"" a1_0 on a1_0.""id""=l5_0.""addressId"" where p3_0.standard_price>=$1 and p3_0.standard_price<=$2 and l3_0.""typeName"" in ($3) and g1_0.latitude>=$4 and g1_0.latitude<=$5 and g1_0.longitude>=$6 and g1_0.longitude<=$7 and p2_0.""stateName"" in ($8,$9,$10,$11) and p2_0.""propertyTypeName"" in ($12) and a1_0.country=$13 and (p2_0.""isHidden""=$14 or p2_0.""isHidden""=$15 and p2_0.""isForMLS""=$16))) order by p1_0.""createdAt"" desc,p1_0.""id"" desc"
2025-11-10 08:37:48,UTC,10.72.103.177,43958,postgres,igluu_prod,5404,DETAIL,"parameters: $1 = '22950000', $2 = '28050000', $3 = 'SALE', $4 = '49.9419006', $5 = '50.1774301', $6 = '14.2244355', $7 = '14.7067867', $8 = 'RESERVED', $9 = 'PAID_RESERVED', $10 = 'IN_PROGRESS', $11 = 'ACTIVE', $12 = 'APARTMENT', $13 = 'CZ', $14 = 'f', $15 = 't', $16 = 't'"
2025-11-10 08:38:01,UTC,,,,,1345,LOG,checkpoint starting: time
2025-11-10 08:38:23,UTC,10.72.103.177,48766,postgres,igluu_prod,5738,LOG,"duration: 5636.112 ms  execute <unnamed>: select p1_0.""id"",p1_0.""brokerId"",p1_0.""brokerageId"",p1_0.""characteristicsId"",p1_0.""createdAt"",p1_0.""creatorId"",p1_0.description,p1_0.""developmentProjectId"",(SELECT d.id FROM ""Draft"" d WHERE d.""propertyId"" = p1_0.id),p1_0.""editorId"",p1_0.""equipmentId"",p1_0.""exportId"",p1_0.""franchiseId"",p1_0.is_bathroom_on_photo,p1_0.is_bedroom_on_photo,p1_0.""isForMLS"",p1_0.""isHidden"",p1_0.is_personal,p1_0.""listingId"",p1_0.""locationId"",p1_0.""numberOfOwners"",p1_0.""officeId"",p1_0.""ownershipTypeName"",p1_0.""propertySubTypeName"",p1_0.""propertyTypeName"",p1_0.""realkoId"",p1_0.""searialId"",p1_0.""serialIdString"",p1_0.""sourceId"",p1_0.""sourceName"",p1_0.""stateName"",p1_0.""structureId"",p1_0.title,p1_0.""updatedAt"",p1_0.""userId"",p1_0.""utilitiesId"" from ""Property"" p1_0 where p1_0.""id"" in ((select p2_0.""id"" from ""Property"" p2_0 left join ""Listing"" l3_0 on l3_0.""id""=p2_0.""listingId"" left join ""Price"" p3_0 on p3_0.""id""=l3_0.""priceId"" left join ""Location"" l4_0 on l4_0.""id""=p2_0.""locationId"" left join public.""Gis"" g1_0 on g1_0.id=l4_0.""gisId"" left join ""Location"" l5_0 on l5_0.""id""=p2_0.""locationId"" left join ""Address"" a1_0 on a1_0.""id""=l5_0.""addressId"" where p3_0.standard_price>=$1 and p3_0.standard_price<=$2 and l3_0.""typeName"" in ($3) and g1_0.latitude>=$4 and g1_0.latitude<=$5 and g1_0.longitude>=$6 and g1_0.longitude<=$7 and p2_0.""stateName"" in ($8,$9,$10,$11) and p2_0.""propertyTypeName"" in ($12) and a1_0.country=$13 and (p2_0.""isHidden""=$14 or p2_0.""isHidden""=$15 and p2_0.""isForMLS""=$16))) order by p1_0.""createdAt"" desc,p1_0.""id"" desc"
2025-11-10 08:38:23,UTC,10.72.103.177,48766,postgres,igluu_prod,5738,DETAIL,"parameters: $1 = '22410', $2 = '27390', $3 = 'RENT', $4 = '49.9419006', $5 = '50.1774301', $6 = '14.2244355', $7 = '14.7067867', $8 = 'RESERVED', $9 = 'PAID_RESERVED', $10 = 'IN_PROGRESS', $11 = 'ACTIVE', $12 = 'APARTMENT', $13 = 'CZ', $14 = 'f', $15 = 't', $16 = 't'"
2025-11-10 08:39:43,UTC,10.72.103.177,44886,postgres,igluu_prod,6657,LOG,"duration: 7530.613 ms  execute <unnamed>: select p1_0.""id"",p1_0.""brokerId"",p1_0.""brokerageId"",p1_0.""characteristicsId"",p1_0.""createdAt"",p1_0.""creatorId"",p1_0.description,p1_0.""developmentProjectId"",(SELECT d.id FROM ""Draft"" d WHERE d.""propertyId"" = p1_0.id),p1_0.""editorId"",p1_0.""equipmentId"",p1_0.""exportId"",p1_0.""franchiseId"",p1_0.is_bathroom_on_photo,p1_0.is_bedroom_on_photo,p1_0.""isForMLS"",p1_0.""isHidden"",p1_0.is_personal,p1_0.""listingId"",p1_0.""locationId"",p1_0.""numberOfOwners"",p1_0.""officeId"",p1_0.""ownershipTypeName"",p1_0.""propertySubTypeName"",p1_0.""propertyTypeName"",p1_0.""realkoId"",p1_0.""searialId"",p1_0.""serialIdString"",p1_0.""sourceId"",p1_0.""sourceName"",p1_0.""stateName"",p1_0.""structureId"",p1_0.title,p1_0.""updatedAt"",p1_0.""userId"",p1_0.""utilitiesId"" from ""Property"" p1_0 left join ""Listing"" l1_0 on l1_0.""id""=p1_0.""listingId"" left join ""Price"" p2_0 on p2_0.""id""=l1_0.""priceId"" where p1_0.""id"" in ((select p3_0.""id"" from ""Property"" p3_0 left join ""Listing"" l3_0 on l3_0.""id""=p3_0.""listingId"" left join ""Price"" p4_0 on p4_0.""id""=l3_0.""priceId"" left join ""Location"" l4_0 on l4_0.""id""=p3_0.""locationId"" left join public.""Gis"" g1_0 on g1_0.id=l4_0.""gisId"" left join public.""Structure"" s2_0 on s2_0.id=p3_0.""structureId"" left join ""Characteristics"" c3_0 on c3_0.""id""=p3_0.""characteristicsId"" where p4_0.standard_price<=$1 and l3_0.""typeName"" in ($2) and g1_0.latitude>=$3 and g1_0.latitude<=$4 and g1_0.longitude>=$5 and g1_0.longitude<=$6 and ($7 in (select cm1_0.""constructionMaterialsName"" from ""ConstructionMaterialsOnStructure"" cm1_0 where s2_0.id=cm1_0.""structureId"") or $8 in (select cm2_0.""constructionMaterialsName"" from ""ConstructionMaterialsOnStructure"" cm2_0 where s2_0.id=cm2_0.""structureId"")) and c3_0.""dispositionName"" in ($9,$10,$11,$12) and c3_0.""areaUsable"">=$13 and p3_0.""stateName"" in ($14,$15,$16,$17) and p3_0.""ownershipTypeName"" in ($18) and (p3_0.""propertyTypeName""=$19 and p3_0.""propertySubTypeName"" in ($20,$21,$22,$23)) and (p3_0.""isHidden""=$24 or p3_0.""isHidden""=$25 and p3_0.""isForMLS""=$26))) order by case when p2_0.standard_price is null then $27 else $28 end desc,p2_0.standard_price desc,p1_0.""createdAt"" desc,p1_0.""id"" desc"
2025-11-10 08:39:43,UTC,10.72.103.177,44886,postgres,igluu_prod,6657,DETAIL,"parameters: $1 = '20000000', $2 = 'SALE', $3 = '50.075584647', $4 = '50.115968204', $5 = '14.384841106', $6 = '14.460524594', $7 = 'BRICK', $8 = 'MIXED', $9 = 'THREE_PLUS_1', $10 = 'THREE_PLUS_KK', $11 = 'TWO_PLUS_KK', $12 = 'TWO_PLUS_KK', $13 = '55', $14 = 'RESERVED', $15 = 'PAID_RESERVED', $16 = 'IN_PROGRESS', $17 = 'ACTIVE', $18 = 'PERSONAL', $19 = 'APARTMENT', $20 = 'APARTMENT_3_PLUS_1', $21 = 'APARTMENT_2_PLUS_KK', $22 = 'APARTMENT_3_PLUS_KK', $23 = 'APARTMENT_3_PLUS_KK', $24 = 'f', $25 = 't', $26 = 't', $27 = '0', $28 = '1'"
2025-11-10 08:40:57,UTC,10.72.101.30,54074,postgres,igluu_prod,6959,ERROR,canceling statement due to user request
2025-11-10 08:40:57,UTC,10.72.101.30,54074,postgres,igluu_prod,6959,STATEMENT,"select d1_0.""id"",null,null,(select array_agg(o2_0.""B"") from ""Draft"" d2_0 left join ""_OwnerOnDraft"" o2_0 on d2_0.""id""=o2_0.""A"" where d1_0.""id""=d2_0.""id""),null,null,null,null,null,null,null,null,null,null,null,null,null,null,null,null,null,null,null,null,null,null,null,null,null,null,null,null,null,null,null,null,null,null,null,null,null,null,null,null,null,null,null,null,null,null,null,null,null,null,null,null,null,null,null,null,null,null,null,null,null,null,null,null,null,null,null,null,null,null,null,null,null,null,null,null,null,null,null,null,null,null,null,null,null,null,null,null,null,null,null,null,null,null,null,null,null,null,null,null,null,null,null,d1_0.""listPrice"",null,null,null,null,null,null,null,null,d1_0.valuation_min_price,d1_0.valuation_max_price,null,null,null,null,null,null,null,null,null,null,null,null,null,null,null,null,null,d1_0.""currencyName"",null,null,null,null,null,null,null,null,null,null,null,null,null,null,null,null,null,null,null,d1_0.""typeName"",null,null,null,null,null,null,null,null,null,null,null,null,null,null,null,null,null,null,null,null,null,null,null,null,null,null,null,null,d1_0.""currentBusinessCaseId"",null,null,null,null,null,null,null,null,null,null,null,null,null,null,null,null,null,null,null,null,null,atee1_0.id,null,null,null,null,o1_0.""id"",null,null,null,null,null,null,null,null,null,null,null,null,null,null,o1_0.name,null,null,null,null,null,null,null,null,null,null,null,null,null,null,null,null,null,null,null,null,null,null,null,null,null,null,null,null,null,null,null,atee1_0.""brokerageId"",null,null,null,null,null,null,null,null,atee1_0.""fullName"",null,null,null,null,null,atee1_0.""email"",null,null,null,null,null,null,null,null,atee1_0.""avatarId"",null,null,null,null,null,null,null,null,null,null,null,null,null,null,null,null,null,null,null,null,null,null,null,null,null,null,d1_0.""createdAt"",null,null,null,null,null,null,null,null,null,null,null,null,null,null,null,null,null,null,null,null,null,null,d1_0.""singleLine"",null,null,null,null,null,null,null,null,null,null,null,null,null,null,null,null,null,null,d1_0.""countryCodeName"",null,null,null,null,null,null,null,null,null,null,null,null,null,null,null,null,null,d1_0.""serialId"",d1_0.""selectedExportServers"",d1_0.""realkoId"",d1_0.""stateName"",null,d1_0.title,d1_0.description,null,d1_0.""propertyTypeName"",d1_0.""propertySubTypeName"",null,null,null,d1_0.""propertyId"",null,null,null,null,null,null,null,null,null,null,null,null,null,null,null,null,null,null,null,null,null,null,null,null,null,null,null,null,null,null,null,null,null from ""Draft"" d1_0 left join ""Broker"" atee1_0 on atee1_0.id=d1_0.""agentToExport"" left join ""Office"" o1_0 on o1_0.""id""=atee1_0.""officeId"" where d1_0.""id"" in ((select d3_0.""id"" from ""Draft"" d3_0 left join ""_BrokersOnDraft"" b1_0 on d3_0.""id""=b1_0.""B"" where d3_0.""stateName"" not in ($1,$2,$3,$4) and (d3_0.""agentToExport""=$5 or b1_0.""A""=$6))) order by d1_0.""createdAt"" desc,d1_0.""id"" desc offset $7 rows fetch first $8 rows only"
2025-11-10 08:40:57,UTC,,,,,7078,FATAL,"terminating background worker ""parallel worker"" due to administrator command"
2025-11-10 08:40:57,UTC,,,,,7078,STATEMENT,"select d1_0.""id"",null,null,(select array_agg(o2_0.""B"") from ""Draft"" d2_0 left join ""_OwnerOnDraft"" o2_0 on d2_0.""id""=o2_0.""A"" where d1_0.""id""=d2_0.""id""),null,null,null,null,null,null,null,null,null,null,null,null,null,null,null,null,null,null,null,null,null,null,null,null,null,null,null,null,null,null,null,null,null,null,null,null,null,null,null,null,null,null,null,null,null,null,null,null,null,null,null,null,null,null,null,null,null,null,null,null,null,null,null,null,null,null,null,null,null,null,null,null,null,null,null,null,null,null,null,null,null,null,null,null,null,null,null,null,null,null,null,null,null,null,null,null,null,null,null,null,null,null,null,d1_0.""listPrice"",null,null,null,null,null,null,null,null,d1_0.valuation_min_price,d1_0.valuation_max_price,null,null,null,null,null,null,null,null,null,null,null,null,null,null,null,null,null,d1_0.""currencyName"",null,null,null,null,null,null,null,null,null,null,null,null,null,null,null,null,null,null,null,d1_0.""typeName"",null,null,null,null,null,null,null,null,null,null,null,null,null,null,null,null,null,null,null,null,null,null,null,null,null,null,null,null,d1_0.""currentBusinessCaseId"",null,null,null,null,null,null,null,null,null,null,null,null,null,null,null,null,null,null,null,null,null,atee1_0.id,null,null,null,null,o1_0.""id"",null,null,null,null,null,null,null,null,null,null,null,null,null,null,o1_0.name,null,null,null,null,null,null,null,null,null,null,null,null,null,null,null,null,null,null,null,null,null,null,null,null,null,null,null,null,null,null,null,atee1_0.""brokerageId"",null,null,null,null,null,null,null,null,atee1_0.""fullName"",null,null,null,null,null,atee1_0.""email"",null,null,null,null,null,null,null,null,atee1_0.""avatarId"",null,null,null,null,null,null,null,null,null,null,null,null,null,null,null,null,null,null,null,null,null,null,null,null,null,null,d1_0.""createdAt"",null,null,null,null,null,null,null,null,null,null,null,null,null,null,null,null,null,null,null,null,null,null,d1_0.""singleLine"",null,null,null,null,null,null,null,null,null,null,null,null,null,null,null,null,null,null,d1_0.""countryCodeName"",null,null,null,null,null,null,null,null,null,null,null,null,null,null,null,null,null,d1_0.""serialId"",d1_0.""selectedExportServers"",d1_0.""realkoId"",d1_0.""stateName"",null,d1_0.title,d1_0.description,null,d1_0.""propertyTypeName"",d1_0.""propertySubTypeName"",null,null,null,d1_0.""propertyId"",null,null,null,null,null,null,null,null,null,null,null,null,null,null,null,null,null,null,null,null,null,null,null,null,null,null,null,null,null,null,null,null,null from ""Draft"" d1_0 left join ""Broker"" atee1_0 on atee1_0.id=d1_0.""agentToExport"" left join ""Office"" o1_0 on o1_0.""id""=atee1_0.""officeId"" where d1_0.""id"" in ((select d3_0.""id"" from ""Draft"" d3_0 left join ""_BrokersOnDraft"" b1_0 on d3_0.""id""=b1_0.""B"" where d3_0.""stateName"" not in ($1,$2,$3,$4) and (d3_0.""agentToExport""=$5 or b1_0.""A""=$6))) order by d1_0.""createdAt"" desc,d1_0.""id"" desc offset $7 rows fetch first $8 rows only"
2025-11-10 08:40:57,UTC,,,,,7079,FATAL,"terminating background worker ""parallel worker"" due to administrator command"
2025-11-10 08:40:57,UTC,,,,,7079,STATEMENT,"select d1_0.""id"",null,null,(select array_agg(o2_0.""B"") from ""Draft"" d2_0 left join ""_OwnerOnDraft"" o2_0 on d2_0.""id""=o2_0.""A"" where d1_0.""id""=d2_0.""id""),null,null,null,null,null,null,null,null,null,null,null,null,null,null,null,null,null,null,null,null,null,null,null,null,null,null,null,null,null,null,null,null,null,null,null,null,null,null,null,null,null,null,null,null,null,null,null,null,null,null,null,null,null,null,null,null,null,null,null,null,null,null,null,null,null,null,null,null,null,null,null,null,null,null,null,null,null,null,null,null,null,null,null,null,null,null,null,null,null,null,null,null,null,null,null,null,null,null,null,null,null,null,null,d1_0.""listPrice"",null,null,null,null,null,null,null,null,d1_0.valuation_min_price,d1_0.valuation_max_price,null,null,null,null,null,null,null,null,null,null,null,null,null,null,null,null,null,d1_0.""currencyName"",null,null,null,null,null,null,null,null,null,null,null,null,null,null,null,null,null,null,null,d1_0.""typeName"",null,null,null,null,null,null,null,null,null,null,null,null,null,null,null,null,null,null,null,null,null,null,null,null,null,null,null,null,d1_0.""currentBusinessCaseId"",null,null,null,null,null,null,null,null,null,null,null,null,null,null,null,null,null,null,null,null,null,atee1_0.id,null,null,null,null,o1_0.""id"",null,null,null,null,null,null,null,null,null,null,null,null,null,null,o1_0.name,null,null,null,null,null,null,null,null,null,null,null,null,null,null,null,null,null,null,null,null,null,null,null,null,null,null,null,null,null,null,null,atee1_0.""brokerageId"",null,null,null,null,null,null,null,null,atee1_0.""fullName"",null,null,null,null,null,atee1_0.""email"",null,null,null,null,null,null,null,null,atee1_0.""avatarId"",null,null,null,null,null,null,null,null,null,null,null,null,null,null,null,null,null,null,null,null,null,null,null,null,null,null,d1_0.""createdAt"",null,null,null,null,null,null,null,null,null,null,null,null,null,null,null,null,null,null,null,null,null,null,d1_0.""singleLine"",null,null,null,null,null,null,null,null,null,null,null,null,null,null,null,null,null,null,d1_0.""countryCodeName"",null,null,null,null,null,null,null,null,null,null,null,null,null,null,null,null,null,d1_0.""serialId"",d1_0.""selectedExportServers"",d1_0.""realkoId"",d1_0.""stateName"",null,d1_0.title,d1_0.description,null,d1_0.""propertyTypeName"",d1_0.""propertySubTypeName"",null,null,null,d1_0.""propertyId"",null,null,null,null,null,null,null,null,null,null,null,null,null,null,null,null,null,null,null,null,null,null,null,null,null,null,null,null,null,null,null,null,null from ""Draft"" d1_0 left join ""Broker"" atee1_0 on atee1_0.id=d1_0.""agentToExport"" left join ""Office"" o1_0 on o1_0.""id""=atee1_0.""officeId"" where d1_0.""id"" in ((select d3_0.""id"" from ""Draft"" d3_0 left join ""_BrokersOnDraft"" b1_0 on d3_0.""id""=b1_0.""B"" where d3_0.""stateName"" not in ($1,$2,$3,$4) and (d3_0.""agentToExport""=$5 or b1_0.""A""=$6))) order by d1_0.""createdAt"" desc,d1_0.""id"" desc offset $7 rows fetch first $8 rows only"
2025-11-10 08:40:57,UTC,,,,,1343,LOG,"background worker ""parallel worker"" (PID 7078) exited with exit code 1"
2025-11-10 08:40:57,UTC,,,,,1343,LOG,"background worker ""parallel worker"" (PID 7079) exited with exit code 1"
2025-11-10 08:41:09,UTC,10.72.101.52,33022,postgres,igluu_prod,7114,ERROR,canceling statement due to user request
2025-11-10 08:41:09,UTC,10.72.101.52,33022,postgres,igluu_prod,7114,STATEMENT,"select d1_0.""id"",null,null,(select array_agg(o2_0.""B"") from ""Draft"" d2_0 left join ""_OwnerOnDraft"" o2_0 on d2_0.""id""=o2_0.""A"" where d1_0.""id""=d2_0.""id""),null,null,null,null,null,null,null,null,null,null,null,null,null,null,null,null,null,null,null,null,null,null,null,null,null,null,null,null,null,null,null,null,null,null,null,null,null,null,null,null,null,null,null,null,null,null,null,null,null,null,null,null,null,null,null,null,null,null,null,null,null,null,null,null,null,null,null,null,null,null,null,null,null,null,null,null,null,null,null,null,null,null,null,null,null,null,null,null,null,null,null,null,null,null,null,null,null,null,null,null,null,null,null,d1_0.""listPrice"",null,null,null,null,null,null,null,null,d1_0.valuation_min_price,d1_0.valuation_max_price,null,null,null,null,null,null,null,null,null,null,null,null,null,null,null,null,null,d1_0.""currencyName"",null,null,null,null,null,null,null,null,null,null,null,null,null,null,null,null,null,null,null,d1_0.""typeName"",null,null,null,null,null,null,null,null,null,null,null,null,null,null,null,null,null,null,null,null,null,null,null,null,null,null,null,null,d1_0.""currentBusinessCaseId"",null,null,null,null,null,null,null,null,null,null,null,null,null,null,null,null,null,null,null,null,null,atee1_0.id,null,null,null,null,o1_0.""id"",null,null,null,null,null,null,null,null,null,null,null,null,null,null,o1_0.name,null,null,null,null,null,null,null,null,null,null,null,null,null,null,null,null,null,null,null,null,null,null,null,null,null,null,null,null,null,null,null,atee1_0.""brokerageId"",null,null,null,null,null,null,null,null,atee1_0.""fullName"",null,null,null,atee1_0.""phoneNumber"",(select array_agg(pn1_0.id) from ""PhoneNumber"" pn1_0 where pn1_0.""brokerId""=atee1_0.id and atee1_0.id=pn1_0.""brokerId""),atee1_0.""email"",(select array_agg(e1_0.id) from ""Email"" e1_0 where e1_0.""brokerId""=atee1_0.id and atee1_0.id=e1_0.""brokerId""),null,null,null,null,null,null,null,atee1_0.""avatarId"",null,null,null,null,null,null,null,null,null,null,null,null,null,null,null,null,null,null,(select array_agg(ppi1_0.id) from ""PublicProfile"" ppi1_0 where atee1_0.id=atee1_0.id and atee1_0.id=ppi1_0.""originalId""),null,null,null,null,null,null,null,d1_0.""createdAt"",null,null,null,null,null,null,null,null,null,null,null,null,null,null,null,null,null,null,null,null,null,null,d1_0.""singleLine"",null,null,null,null,null,null,null,null,null,null,null,null,null,null,null,null,null,null,d1_0.""countryCodeName"",null,null,null,null,null,null,null,null,null,null,null,null,null,null,null,null,null,d1_0.""serialId"",d1_0.""selectedExportServers"",d1_0.""realkoId"",d1_0.""stateName"",null,d1_0.title,d1_0.description,null,d1_0.""propertyTypeName"",d1_0.""propertySubTypeName"",null,null,null,d1_0.""propertyId"",null,null,null,null,null,null,null,null,null,null,null,null,null,null,null,null,null,null,null,null,null,null,null,null,null,null,null,null,null,null,null,null,null from ""Draft"" d1_0 left join ""Broker"" atee1_0 on atee1_0.id=d1_0.""agentToExport"" left join ""Office"" o1_0 on o1_0.""id""=atee1_0.""officeId"" where d1_0.""id"" in ((select d3_0.""id"" from ""Draft"" d3_0 left join ""_BrokersOnDraft"" b3_0 on d3_0.""id""=b3_0.""B"" where d3_0.""stateName"" not in ($1,$2,$3,$4) and (d3_0.""agentToExport""=$5 or b3_0.""A""=$6))) order by d1_0.""createdAt"" desc,d1_0.""id"" desc offset $7 rows fetch first $8 rows only"
2025-11-10 08:41:09,UTC,,,,,7205,FATAL,"terminating background worker ""parallel worker"" due to administrator command"
2025-11-10 08:41:09,UTC,,,,,7205,STATEMENT,"select d1_0.""id"",null,null,(select array_agg(o2_0.""B"") from ""Draft"" d2_0 left join ""_OwnerOnDraft"" o2_0 on d2_0.""id""=o2_0.""A"" where d1_0.""id""=d2_0.""id""),null,null,null,null,null,null,null,null,null,null,null,null,null,null,null,null,null,null,null,null,null,null,null,null,null,null,null,null,null,null,null,null,null,null,null,null,null,null,null,null,null,null,null,null,null,null,null,null,null,null,null,null,null,null,null,null,null,null,null,null,null,null,null,null,null,null,null,null,null,null,null,null,null,null,null,null,null,null,null,null,null,null,null,null,null,null,null,null,null,null,null,null,null,null,null,null,null,null,null,null,null,null,null,d1_0.""listPrice"",null,null,null,null,null,null,null,null,d1_0.valuation_min_price,d1_0.valuation_max_price,null,null,null,null,null,null,null,null,null,null,null,null,null,null,null,null,null,d1_0.""currencyName"",null,null,null,null,null,null,null,null,null,null,null,null,null,null,null,null,null,null,null,d1_0.""typeName"",null,null,null,null,null,null,null,null,null,null,null,null,null,null,null,null,null,null,null,null,null,null,null,null,null,null,null,null,d1_0.""currentBusinessCaseId"",null,null,null,null,null,null,null,null,null,null,null,null,null,null,null,null,null,null,null,null,null,atee1_0.id,null,null,null,null,o1_0.""id"",null,null,null,null,null,null,null,null,null,null,null,null,null,null,o1_0.name,null,null,null,null,null,null,null,null,null,null,null,null,null,null,null,null,null,null,null,null,null,null,null,null,null,null,null,null,null,null,null,atee1_0.""brokerageId"",null,null,null,null,null,null,null,null,atee1_0.""fullName"",null,null,null,atee1_0.""phoneNumber"",(select array_agg(pn1_0.id) from ""PhoneNumber"" pn1_0 where pn1_0.""brokerId""=atee1_0.id and atee1_0.id=pn1_0.""brokerId""),atee1_0.""email"",(select array_agg(e1_0.id) from ""Email"" e1_0 where e1_0.""brokerId""=atee1_0.id and atee1_0.id=e1_0.""brokerId""),null,null,null,null,null,null,null,atee1_0.""avatarId"",null,null,null,null,null,null,null,null,null,null,null,null,null,null,null,null,null,null,(select array_agg(ppi1_0.id) from ""PublicProfile"" ppi1_0 where atee1_0.id=atee1_0.id and atee1_0.id=ppi1_0.""originalId""),null,null,null,null,null,null,null,d1_0.""createdAt"",null,null,null,null,null,null,null,null,null,null,null,null,null,null,null,null,null,null,null,null,null,null,d1_0.""singleLine"",null,null,null,null,null,null,null,null,null,null,null,null,null,null,null,null,null,null,d1_0.""countryCodeName"",null,null,null,null,null,null,null,null,null,null,null,null,null,null,null,null,null,d1_0.""serialId"",d1_0.""selectedExportServers"",d1_0.""realkoId"",d1_0.""stateName"",null,d1_0.title,d1_0.description,null,d1_0.""propertyTypeName"",d1_0.""propertySubTypeName"",null,null,null,d1_0.""propertyId"",null,null,null,null,null,null,null,null,null,null,null,null,null,null,null,null,null,null,null,null,null,null,null,null,null,null,null,null,null,null,null,null,null from ""Draft"" d1_0 left join ""Broker"" atee1_0 on atee1_0.id=d1_0.""agentToExport"" left join ""Office"" o1_0 on o1_0.""id""=atee1_0.""officeId"" where d1_0.""id"" in ((select d3_0.""id"" from ""Draft"" d3_0 left join ""_BrokersOnDraft"" b3_0 on d3_0.""id""=b3_0.""B"" where d3_0.""stateName"" not in ($1,$2,$3,$4) and (d3_0.""agentToExport""=$5 or b3_0.""A""=$6))) order by d1_0.""createdAt"" desc,d1_0.""id"" desc offset $7 rows fetch first $8 rows only"
2025-11-10 08:41:09,UTC,,,,,1343,LOG,"background worker ""parallel worker"" (PID 7205) exited with exit code 1"
2025-11-10 08:41:09,UTC,,,,,7206,FATAL,"terminating background worker ""parallel worker"" due to administrator command"
2025-11-10 08:41:09,UTC,,,,,7206,STATEMENT,"select d1_0.""id"",null,null,(select array_agg(o2_0.""B"") from ""Draft"" d2_0 left join ""_OwnerOnDraft"" o2_0 on d2_0.""id""=o2_0.""A"" where d1_0.""id""=d2_0.""id""),null,null,null,null,null,null,null,null,null,null,null,null,null,null,null,null,null,null,null,null,null,null,null,null,null,null,null,null,null,null,null,null,null,null,null,null,null,null,null,null,null,null,null,null,null,null,null,null,null,null,null,null,null,null,null,null,null,null,null,null,null,null,null,null,null,null,null,null,null,null,null,null,null,null,null,null,null,null,null,null,null,null,null,null,null,null,null,null,null,null,null,null,null,null,null,null,null,null,null,null,null,null,null,d1_0.""listPrice"",null,null,null,null,null,null,null,null,d1_0.valuation_min_price,d1_0.valuation_max_price,null,null,null,null,null,null,null,null,null,null,null,null,null,null,null,null,null,d1_0.""currencyName"",null,null,null,null,null,null,null,null,null,null,null,null,null,null,null,null,null,null,null,d1_0.""typeName"",null,null,null,null,null,null,null,null,null,null,null,null,null,null,null,null,null,null,null,null,null,null,null,null,null,null,null,null,d1_0.""currentBusinessCaseId"",null,null,null,null,null,null,null,null,null,null,null,null,null,null,null,null,null,null,null,null,null,atee1_0.id,null,null,null,null,o1_0.""id"",null,null,null,null,null,null,null,null,null,null,null,null,null,null,o1_0.name,null,null,null,null,null,null,null,null,null,null,null,null,null,null,null,null,null,null,null,null,null,null,null,null,null,null,null,null,null,null,null,atee1_0.""brokerageId"",null,null,null,null,null,null,null,null,atee1_0.""fullName"",null,null,null,atee1_0.""phoneNumber"",(select array_agg(pn1_0.id) from ""PhoneNumber"" pn1_0 where pn1_0.""brokerId""=atee1_0.id and atee1_0.id=pn1_0.""brokerId""),atee1_0.""email"",(select array_agg(e1_0.id) from ""Email"" e1_0 where e1_0.""brokerId""=atee1_0.id and atee1_0.id=e1_0.""brokerId""),null,null,null,null,null,null,null,atee1_0.""avatarId"",null,null,null,null,null,null,null,null,null,null,null,null,null,null,null,null,null,null,(select array_agg(ppi1_0.id) from ""PublicProfile"" ppi1_0 where atee1_0.id=atee1_0.id and atee1_0.id=ppi1_0.""originalId""),null,null,null,null,null,null,null,d1_0.""createdAt"",null,null,null,null,null,null,null,null,null,null,null,null,null,null,null,null,null,null,null,null,null,null,d1_0.""singleLine"",null,null,null,null,null,null,null,null,null,null,null,null,null,null,null,null,null,null,d1_0.""countryCodeName"",null,null,null,null,null,null,null,null,null,null,null,null,null,null,null,null,null,d1_0.""serialId"",d1_0.""selectedExportServers"",d1_0.""realkoId"",d1_0.""stateName"",null,d1_0.title,d1_0.description,null,d1_0.""propertyTypeName"",d1_0.""propertySubTypeName"",null,null,null,d1_0.""propertyId"",null,null,null,null,null,null,null,null,null,null,null,null,null,null,null,null,null,null,null,null,null,null,null,null,null,null,null,null,null,null,null,null,null from ""Draft"" d1_0 left join ""Broker"" atee1_0 on atee1_0.id=d1_0.""agentToExport"" left join ""Office"" o1_0 on o1_0.""id""=atee1_0.""officeId"" where d1_0.""id"" in ((select d3_0.""id"" from ""Draft"" d3_0 left join ""_BrokersOnDraft"" b3_0 on d3_0.""id""=b3_0.""B"" where d3_0.""stateName"" not in ($1,$2,$3,$4) and (d3_0.""agentToExport""=$5 or b3_0.""A""=$6))) order by d1_0.""createdAt"" desc,d1_0.""id"" desc offset $7 rows fetch first $8 rows only"
2025-11-10 08:41:09,UTC,,,,,1343,LOG,"background worker ""parallel worker"" (PID 7206) exited with exit code 1"
2025-11-10 08:41:16,UTC,10.72.102.34,46502,postgres,igluu_prod,11068,LOG,"duration: 5007.039 ms  execute s543126: SELECT ""public"".""DataObjectTargetServer"".""id"", ""public"".""DataObjectTargetServer"".""sourceId"", ""public"".""DataObjectTargetServer"".""sourceName"", ""public"".""DataObjectTargetServer"".""exportedUrl"", ""public"".""DataObjectTargetServer"".""dateOfLastToping"", ""public"".""DataObjectTargetServer"".""currentTopStamp"", ""public"".""DataObjectTargetServer"".""dataOfLastSuccessfulExport"", ""public"".""DataObjectTargetServer"".""dataOfLastResult"", ""public"".""DataObjectTargetServer"".""statusName"", ""public"".""DataObjectTargetServer"".""errorMessage"", ""public"".""DataObjectTargetServer"".""draftId"", ""public"".""DataObjectTargetServer"".""leadId"", ""public"".""DataObjectTargetServer"".""propertyId"", ""public"".""DataObjectTargetServer"".""developmentProjectId"", ""public"".""DataObjectTargetServer"".""targetServerId"", ""public"".""DataObjectTargetServer"".""uniqueTargetServerId"" FROM ""public"".""DataObjectTargetServer"" WHERE (""public"".""DataObjectTargetServer"".""draftId"" = $1 AND ""public"".""DataObjectTargetServer"".""exportedUrl"" IS NOT NULL AND ((""public"".""DataObjectTargetServer"".""id"") IN (SELECT ""t0"".""id"" FROM ""public"".""DataObjectTargetServer"" AS ""t0"" INNER JOIN ""public"".""UniqueTargetServer"" AS ""j0"" ON (""j0"".""id"") = (""t0"".""uniqueTargetServerId"") WHERE (""j0"".""brokerageId"" IS NOT NULL AND ""t0"".""id"" IS NOT NULL)) OR (""public"".""DataObjectTargetServer"".""id"") IN (SELECT ""t0"".""id"" FROM ""public"".""DataObjectTargetServer"" AS ""t0"" INNER JOIN ""public"".""UniqueTargetServer"" AS ""j0"" ON (""j0"".""id"") = (""t0"".""uniqueTargetServerId"") WHERE (""j0"".""franchise_id"" IS NOT NULL AND ""t0"".""id"" IS NOT NULL)) OR (""public"".""DataObjectTargetServer"".""id"") IN (SELECT ""t0"".""id"" FROM ""public"".""DataObjectTargetServer"" AS ""t0"" INNER JOIN ""public"".""UniqueTargetServer"" AS ""j0"" ON (""j0"".""id"") = (""t0"".""uniqueTargetServerId"") WHERE (""j0"".""rNetId"" = $2 AND ""t0"".""id"" IS NOT NULL)) OR (""public"".""DataObjectTargetServer"".""id"") IN (SELECT ""t0"".""id"" FROM ""public"".""DataObjectTargetServer"" AS ""t0"" INNER JOIN ""public"".""UniqueTargetServer"" AS ""j0"" ON (""j0"".""id"") = (""t0"".""uniqueTargetServerId"") WHERE (""j0"".""rNetId"" = $3 AND ""t0"".""id"" IS NOT NULL)) OR (""public"".""DataObjectTargetServer"".""id"") IN (SELECT ""t0"".""id"" FROM ""public"".""DataObjectTargetServer"" AS ""t0"" INNER JOIN ""public"".""UniqueTargetServer"" AS ""j0"" ON (""j0"".""id"") = (""t0"".""uniqueTargetServerId"") WHERE (""j0"".""rNetId"" = $4 AND ""t0"".""id"" IS NOT NULL)))) LIMIT $5 OFFSET $6"
2025-11-10 08:41:16,UTC,10.72.102.34,46502,postgres,igluu_prod,11068,DETAIL,"parameters: $1 = 'bc26f912-7a72-46bf-a689-68e198622a9d', $2 = '529', $3 = '588', $4 = '580', $5 = '1', $6 = '0'"
2025-11-10 08:42:14,UTC,10.72.102.34,37414,postgres,igluu_prod,6812,LOG,"duration: 6876.260 ms  execute s543144: SELECT ""public"".""DataObjectTargetServer"".""id"", ""public"".""DataObjectTargetServer"".""sourceId"", ""public"".""DataObjectTargetServer"".""sourceName"", ""public"".""DataObjectTargetServer"".""exportedUrl"", ""public"".""DataObjectTargetServer"".""dateOfLastToping"", ""public"".""DataObjectTargetServer"".""currentTopStamp"", ""public"".""DataObjectTargetServer"".""dataOfLastSuccessfulExport"", ""public"".""DataObjectTargetServer"".""dataOfLastResult"", ""public"".""DataObjectTargetServer"".""statusName"", ""public"".""DataObjectTargetServer"".""errorMessage"", ""public"".""DataObjectTargetServer"".""draftId"", ""public"".""DataObjectTargetServer"".""leadId"", ""public"".""DataObjectTargetServer"".""propertyId"", ""public"".""DataObjectTargetServer"".""developmentProjectId"", ""public"".""DataObjectTargetServer"".""targetServerId"", ""public"".""DataObjectTargetServer"".""uniqueTargetServerId"" FROM ""public"".""DataObjectTargetServer"" WHERE (""public"".""DataObjectTargetServer"".""draftId"" = $1 AND ""public"".""DataObjectTargetServer"".""exportedUrl"" IS NOT NULL AND ((""public"".""DataObjectTargetServer"".""id"") IN (SELECT ""t0"".""id"" FROM ""public"".""DataObjectTargetServer"" AS ""t0"" INNER JOIN ""public"".""UniqueTargetServer"" AS ""j0"" ON (""j0"".""id"") = (""t0"".""uniqueTargetServerId"") WHERE (""j0"".""brokerageId"" IS NOT NULL AND ""t0"".""id"" IS NOT NULL)) OR (""public"".""DataObjectTargetServer"".""id"") IN (SELECT ""t0"".""id"" FROM ""public"".""DataObjectTargetServer"" AS ""t0"" INNER JOIN ""public"".""UniqueTargetServer"" AS ""j0"" ON (""j0"".""id"") = (""t0"".""uniqueTargetServerId"") WHERE (""j0"".""franchise_id"" IS NOT NULL AND ""t0"".""id"" IS NOT NULL)) OR (""public"".""DataObjectTargetServer"".""id"") IN (SELECT ""t0"".""id"" FROM ""public"".""DataObjectTargetServer"" AS ""t0"" INNER JOIN ""public"".""UniqueTargetServer"" AS ""j0"" ON (""j0"".""id"") = (""t0"".""uniqueTargetServerId"") WHERE (""j0"".""rNetId"" = $2 AND ""t0"".""id"" IS NOT NULL)) OR (""public"".""DataObjectTargetServer"".""id"") IN (SELECT ""t0"".""id"" FROM ""public"".""DataObjectTargetServer"" AS ""t0"" INNER JOIN ""public"".""UniqueTargetServer"" AS ""j0"" ON (""j0"".""id"") = (""t0"".""uniqueTargetServerId"") WHERE (""j0"".""rNetId"" = $3 AND ""t0"".""id"" IS NOT NULL)) OR (""public"".""DataObjectTargetServer"".""id"") IN (SELECT ""t0"".""id"" FROM ""public"".""DataObjectTargetServer"" AS ""t0"" INNER JOIN ""public"".""UniqueTargetServer"" AS ""j0"" ON (""j0"".""id"") = (""t0"".""uniqueTargetServerId"") WHERE (""j0"".""rNetId"" = $4 AND ""t0"".""id"" IS NOT NULL)))) LIMIT $5 OFFSET $6"
2025-11-10 08:42:14,UTC,10.72.102.34,37414,postgres,igluu_prod,6812,DETAIL,"parameters: $1 = 'bc26f912-7a72-46bf-a689-68e198622a9d', $2 = '529', $3 = '588', $4 = '580', $5 = '1', $6 = '0'"
2025-11-10 08:42:14,UTC,10.72.103.177,52348,postgres,igluu_prod,8312,LOG,"duration: 6626.286 ms  execute <unnamed>: select p1_0.""id"",null,c1_0.""id"",c1_0.""dispositionName"",null,null,null,null,null,null,null,null,null,c1_0.""areaUsable"",null,null,null,null,null,null,null,null,null,null,null,null,null,null,null,null,null,null,null,null,null,null,null,null,null,null,null,null,null,null,null,null,null,null,null,null,null,null,null,null,null,null,null,null,null,null,null,null,null,null,null,null,null,null,null,null,null,null,null,null,null,null,null,null,null,null,null,null,null,null,null,null,null,null,null,null,null,null,l1_0.""id"",null,null,null,null,null,null,null,null,null,null,null,null,a1_0.""id"",a1_0.""partOfTheVillage"",a1_0.""unparsedAddress"",null,null,a1_0.country,a1_0.city,a1_0.region,null,null,null,a1_0.""streetName"",null,null,null,null,null,null,null,null,null,null,null,null,null,null,a1_0.municipality,null,null,null,null,null,g1_0.id,g1_0.latitude,g1_0.longitude,l2_0.""id"",l2_0.""typeName"",null,l2_0.""currencyName"",null,null,l2_0.""exclusiveMLSTime"",null,null,null,l2_0.""priceTypeName"",l2_0.""pricePeriodName"",null,null,null,null,null,null,null,null,null,null,null,null,null,null,null,null,null,null,null,null,null,p2_0.""id"",null,null,p2_0.""listPrice"",p2_0.is_public_price,null,null,null,null,null,null,null,null,null,null,null,null,null,null,null,null,null,null,null,null,null,null,null,null,null,null,null,null,null,null,null,null,null,null,null,null,null,null,null,null,null,null,null,null,p1_0.""propertyTypeName"",p1_0.""propertySubTypeName"",null,(select array_agg(m1_0.""id"") from ""Property"" p4_0 left join ""FileInfo"" m1_0 on p4_0.""id""=m1_0.""propertyMediaId"" where m1_0.""propertyMediaId""=p4_0.""id"" and p1_0.""id""=p4_0.""id""),null,null,p1_0.""isForMLS"",p1_0.""isHidden"",p1_0.""brokerageId"",p1_0.""officeId"",p1_0.""franchiseId"",null,null,null,null,p1_0.""createdAt"",null,null from ""Property"" p1_0 left join ""Characteristics"" c1_0 on c1_0.""id""=p1_0.""characteristicsId"" left join ""Location"" l1_0 on l1_0.""id""=p1_0.""locationId"" left join ""Address"" a1_0 on a1_0.""id""=l1_0.""addressId"" left join public.""Gis"" g1_0 on g1_0.id=l1_0.""gisId"" left join ""Listing"" l2_0 on l2_0.""id""=p1_0.""listingId"" left join ""Price"" p2_0 on p2_0.""id""=l2_0.""priceId"" left join ""Listing"" l3_0 on l3_0.""id""=p1_0.""listingId"" left join ""Price"" p3_0 on p3_0.""id""=l3_0.""priceId"" where p1_0.""stateName"" in ($1,$2,$3,$4) and (p1_0.""isHidden""=$5) order by case when p3_0.standard_price is null then $6 else $7 end desc,p3_0.standard_price desc,p1_0.""createdAt"" desc,p1_0.""id"" desc offset $8 rows fetch first $9 rows only"
2025-11-10 08:42:14,UTC,10.72.103.177,52348,postgres,igluu_prod,8312,DETAIL,"parameters: $1 = 'RESERVED', $2 = 'PAID_RESERVED', $3 = 'IN_PROGRESS', $4 = 'ACTIVE', $5 = 'f', $6 = '0', $7 = '1', $8 = '0', $9 = '20'"
2025-11-10 08:42:36,UTC,,,,,1345,LOG,"checkpoint complete: wrote 12947 buffers (1.3%); 0 WAL file(s) added, 1 removed, 6 recycled; write=269.848 s, sync=5.416 s, total=275.370 s; sync files=548, longest=1.003 s, average=0.010 s; distance=160679 kB, estimate=357855 kB"
2025-11-10 08:43:01,UTC,,,,,1345,LOG,checkpoint starting: time
2025-11-10 08:43:03,UTC,,,,,6968,LOG,"automatic vacuum of table ""igluu_prod.public.DataObjectTargetServer"": index scans: 1
pages: 0 removed, 438329 remain, 48166 scanned (10.99% of total)
tuples: 50685 removed, 9386212 remain, 31669 are dead but not yet removable
removable cutoff: 1653300136, which was 25659 XIDs old when operation ended
index scan needed: 13308 pages from table (3.04% of total) had 81453 dead item identifiers removed
index ""DataObjectTargetServer_pkey"": pages: 116704 in total, 0 newly deleted, 0 currently deleted, 0 reusable
index ""DataObjectTargetServer_sourceId_sourceName_key"": pages: 227704 in total, 0 newly deleted, 18552 currently deleted, 18552 reusable
index ""DataObjectTargetServer_propertyId_index"": pages: 41628 in total, 0 newly deleted, 125 currently deleted, 125 reusable
index ""DataObjectTargetServer_targetServerId_index"": pages: 34725 in total, 0 newly deleted, 6873 currently deleted, 6873 reusable
index ""data_object_source_name"": pages: 35718 in total, 0 newly deleted, 4479 currently deleted, 4479 reusable
index ""DataObjectTargetServer_status_index"": pages: 34195 in total, 0 newly deleted, 1370 currently deleted, 1370 reusable
index ""DataObjectTargetServer_date_of_last_result_index"": pages: 128714 in total, 548 newly deleted, 1835 currently deleted, 1297 reusable
index ""DataObjectTargetServer_draftId_id_idx"": pages: 162864 in total, 0 newly deleted, 0 currently deleted, 0 reusable
index ""DataObjectTargetServer_devProjectId_id_idx"": pages: 124732 in total, 0 newly deleted, 6 currently deleted, 6 reusable
index ""DataObjectTargetServer_target_server_account_id_dataOfLastR_idx"": pages: 99111 in total, 500 newly deleted, 18474 currently deleted, 18191 reusable
index ""DataObjectTargetServer_uniqueTargetServerId_draftId_idx"": pages: 89369 in total, 0 newly deleted, 0 currently deleted, 0 reusable
index ""DataObjectTargetServer_server_reference_id_idx"": pages: 24642 in total, 0 newly deleted, 0 currently deleted, 0 reusable
index ""idx_cover_dots_status_pending_external"": pages: 95 in total, 0 newly deleted, 6 currently deleted, 6 reusable
index ""idx_cover_dots_status_deleted"": pages: 6497 in total, 0 newly deleted, 0 currently deleted, 0 reusable
index ""idx_cover_dots_status_error"": pages: 429 in total, 0 newly deleted, 18 currently deleted, 18 reusable
I/O timings: read: 76604.101 ms, write: 1777.708 ms
avg read rate: 45.968 MB/s, avg write rate: 6.181 MB/s
buffer usage: 284832 hits, 1142356 misses, 153600 dirtied
WAL usage: 180618 records, 155604 full page images, 322321814 bytes
system usage: CPU: user: 12.71 s, system: 5.79 s, elapsed: 194.14 s"
2025-11-10 08:47:34,UTC,,,,,1345,LOG,"checkpoint complete: wrote 21293 buffers (2.1%); 0 WAL file(s) added, 0 removed, 4 recycled; write=269.421 s, sync=3.292 s, total=272.786 s; sync files=437, longest=0.887 s, average=0.008 s; distance=469104 kB, estimate=469104 kB"
2025-11-10 08:48:01,UTC,,,,,1345,LOG,checkpoint starting: time
2025-11-10 08:49:15,UTC,10.72.102.12,35534,postgres,igluu_prod,13300,FATAL,"no pg_hba.conf entry for host ""10.72.102.12"", user ""postgres"", database ""igluu_prod"", no encryption"
2025-11-10 08:49:15,UTC,10.72.102.12,35520,postgres,igluu_prod,13299,FATAL,"no pg_hba.conf entry for host ""10.72.102.12"", user ""postgres"", database ""igluu_prod"", no encryption"
2025-11-10 08:49:15,UTC,10.72.102.12,35538,postgres,igluu_prod,13301,FATAL,"no pg_hba.conf entry for host ""10.72.102.12"", user ""postgres"", database ""igluu_prod"", no encryption"
2025-11-10 08:52:31,UTC,,,,,1345,LOG,"checkpoint complete: wrote 18787 buffers (1.9%); 0 WAL file(s) added, 0 removed, 4 recycled; write=269.473 s, sync=0.076 s, total=269.586 s; sync files=302, longest=0.022 s, average=0.001 s; distance=267526 kB, estimate=448946 kB"
2025-11-10 08:53:01,UTC,,,,,1345,LOG,checkpoint starting: time
2025-11-10 08:57:31,UTC,,,,,1345,LOG,"checkpoint complete: wrote 25810 buffers (2.6%); 0 WAL file(s) added, 0 removed, 2 recycled; write=269.773 s, sync=0.028 s, total=269.831 s; sync files=541, longest=0.010 s, average=0.001 s; distance=195714 kB, estimate=423623 kB"
2025-11-10 08:58:01,UTC,,,,,1345,LOG,checkpoint starting: time
2025-11-10 08:59:28,UTC,10.72.103.14,59576,postgres,org_structure,13403,ERROR,"null value in column ""franchise_id"" of relation ""broker_config"" violates not-null constraint"
2025-11-10 08:59:28,UTC,10.72.103.14,59576,postgres,org_structure,13403,DETAIL,"Failing row contains (9bbf00ab-624e-47ac-8add-f45f9dee0052, 7d7779a3-b89a-4c2a-a5fd-2f6269b7af6d, null, fe9a0fc6-7c21-42c6-86bf-d33d91d1d8e8, null, 2012-06-25 20:04:44+00, 2024-07-29 10:43:13.492+00, null, null, null, null, null, be58448f-1a8f-40cd-892a-007789755215, null, null)."
2025-11-10 08:59:28,UTC,10.72.103.14,59576,postgres,org_structure,13403,STATEMENT,"insert into public.broker_config (brokerage_id,created_at,creator_id,deleted_at,editor_id,franchise_id,lvl_id,office_id,""order"",supervisor_id,updated_at,id) values ($1,$2,$3,$4,$5,$6,$7,$8,$9,$10,$11,$12)"
